Workbook

Sheet Report
A1: Academic Portal - Test Coverage & Feature Report
A2: Summary of test cases per module, calculated via Excel formulas
A4: Total Modules | B4: Total Test Cases | C4: High Priority TCs | D4: Medium Priority TCs | E4: Low Priority TCs
A5: =COUNTA(A9:A17) | B5: =E18 | C5: =B18 | D5: =C18 | E5: =D18
A7: Module Test Case Breakdown by Priority
A8: Module Name | B8: High Priority | C8: Medium Priority | D8: Low Priority | E8: Total TCs
A9: Module 01 | B9: =COUNTIF('Module 01'!$N$2:$N$500, "High") | C9: =COUNTIF('Module 01'!$N$2:$N$500, "Medium") | D9: =COUNTIF('Module 01'!$N$2:$N$500, "Low") | E9: =SUM(B9:D9)
A10: Module 02 | B10: =COUNTIF('Module 02'!$N$2:$N$500, "High") | C10: =COUNTIF('Module 02'!$N$2:$N$500, "Medium") | D10: =COUNTIF('Module 02'!$N$2:$N$500, "Low") | E10: =SUM(B10:D10)
A11: Module 03 | B11: =COUNTIF('Module 03'!$N$2:$N$500, "High") | C11: =COUNTIF('Module 03'!$N$2:$N$500, "Medium") | D11: =COUNTIF('Module 03'!$N$2:$N$500, "Low") | E11: =SUM(B11:D11)
A12: Module 04 | B12: =COUNTIF('Module 04'!$N$2:$N$500, "High") | C12: =COUNTIF('Module 04'!$N$2:$N$500, "Medium") | D12: =COUNTIF('Module 04'!$N$2:$N$500, "Low") | E12: =SUM(B12:D12)
A13: Module 05 | B13: =COUNTIF('Module 05'!$N$2:$N$500, "High") | C13: =COUNTIF('Module 05'!$N$2:$N$500, "Medium") | D13: =COUNTIF('Module 05'!$N$2:$N$500, "Low") | E13: =SUM(B13:D13)
A14: Module 06 | B14: =COUNTIF('Module 06'!$O$2:$O$500, "High") | C14: =COUNTIF('Module 06'!$O$2:$O$500, "Medium") | D14: =COUNTIF('Module 06'!$O$2:$O$500, "Low") | E14: =SUM(B14:D14)
A15: Module 07 | B15: =COUNTIF('Module 07'!$N$2:$N$500, "High") | C15: =COUNTIF('Module 07'!$N$2:$N$500, "Medium") | D15: =COUNTIF('Module 07'!$N$2:$N$500, "Low") | E15: =SUM(B15:D15)
A16: Module 08 | B16: =COUNTIF('Module 08'!$N$2:$N$500, "High") | C16: =COUNTIF('Module 08'!$N$2:$N$500, "Medium") | D16: =COUNTIF('Module 08'!$N$2:$N$500, "Low") | E16: =SUM(B16:D16)
A17: Module 09 | B17: =COUNTIF('Module 09'!$N$2:$N$500, "High") | C17: =COUNTIF('Module 09'!$N$2:$N$500, "Medium") | D17: =COUNTIF('Module 09'!$N$2:$N$500, "Low") | E17: =SUM(B17:D17)
A18: Total | B18: =SUM(B9:B17) | C18: =SUM(C9:C17) | D18: =SUM(D9:D17) | E18: =SUM(E9:E17)

Sheet Summary
A1: Academic Portal - Comprehensive Test Suite & Feature Breakdown
A3: Total Modules | B3: Total Features | C3: Total Test Cases | D3: High Priority | E3: Medium Priority
A4: 9 | B4: 81 | C4: 251 | D4: 192 | E4: 55
A6: 1. Module Summary Overview
A7: Module Name | B7: Total Test Cases | C7: High Priority | D7: Medium Priority | E7: Low Priority
A8: Module 01 | B8: 33 | C8: 27 | D8: 6 | E8: 0
A9: Module 02 | B9: 25 | C9: 17 | D9: 8 | E9: 0
A10: Module 03 | B10: 22 | C10: 19 | D10: 2 | E10: 0
A11: Module 04 | B11: 33 | C11: 19 | D11: 12 | E11: 2
A12: Module 05 | B12: 23 | C12: 19 | D12: 4 | E12: 0
A13: Module 06 | B13: 31 | C13: 28 | D13: 3 | E13: 0
A14: Module 07 | B14: 41 | C14: 32 | D14: 9 | E14: 0
A15: Module 08 | B15: 20 | C15: 12 | D15: 7 | E15: 1
A16: Module 09 | B16: 23 | C16: 19 | D16: 4 | E16: 0
A17: Total | B17: 251 | C17: 192 | D17: 55 | E17: 3
A20: 2. Feature Categorization Breakdown
A21: Module | B21: Feature ID | C21: Feature Name | D21: Test Cases | E21: High Priority | F21: Medium Priority | G21: Low Priority
A22: Module 01 | B22: M01-F01 | C22: Batch Creation | D22: 7 | E22: 7 | F22: 0 | G22: 0
A23: Module 01 | B23: M01-F02 | C23: Batch Editing | D23: 3 | E23: 3 | F23: 0 | G23: 0
A24: Module 01 | B24: M01-F03 | C24: Batch Archiving | D24: 3 | E24: 2 | F24: 1 | G24: 0
A25: Module 01 | B25: M01-F04 | C25: Single Student Creation | D25: 3 | E25: 3 | F25: 0 | G25: 0
A26: Module 01 | B26: M01-F05 | C26: Bulk Student Import | D26: 4 | E26: 4 | F26: 0 | G26: 0
A27: Module 01 | B27: M01-F06 | C27: Student Editing | D27: 2 | E27: 2 | F27: 0 | G27: 0
A28: Module 01 | B28: M01-F07 | C28: Follow-up Flag | D28: 1 | E28: 1 | F28: 0 | G28: 0
A29: Module 01 | B29: M01-F08 | C29: Student Status Management | D29: 2 | E29: 2 | F29: 0 | G29: 0
A30: Module 01 | B30: M01-F09 | C30: Search & Filter | D30: 3 | E30: 0 | F30: 3 | G30: 0
A31: Module 01 | B31: M01-F10 | C31: Dashboard Overview | D31: 2 | E31: 0 | F31: 2 | G31: 0
A32: Module 01 | B32: M01-SEC | C32: Access Control & Security | D32: 3 | E32: 3 | F32: 0 | G32: 0
A33: Module 02 | B33: M02-F01 | C33: Single Observation Entry | D33: 3 | E33: 3 | F33: 0 | G33: 0
... A102: Module 09 | B102: M09-F10 | C102: Responsive Design | D102: 1 | E102: 0 | F102: 1 | G102: 0

Sheet Module 01
A1: ID | B1: Module | C1: Feature ID | D1: Feature Name | E1: Title | F1: Objective | G1: Preconditions | H1: TestData | I1: Steps | J1: ExpectedResult | K1: Actual Result | L1: Status | M1: Evidence | N1: Priority | O1: Notes
A2: TC-M01-001 | B2: Module 01 | C2: M01-F01 | D2: Batch Creation | E2: Create Batch with Valid Name | F2: Verify that a batch can be created using a valid batch name matching the format PNVyyX (e.g. PNV26A). | G2: Staff user is logged in. | H2: BatchName=PNV26A; Status=Active | I2: 1. Open Batch Management; 2. Click Create Batch; 3. Enter PNV26A as Batch Name; 4. Select Active status; 5. Click Save | J2: Batch is created successfully. Success notification appears. PNV26A is displayed in the batch list. | K2: Batch is created successfully. Success notification appears. PNV26A is displayed in the batch list. | L2: Passed | N2: High | O2: Related Requirement: M01-F01, Scenario: BS-01
A3: TC-M01-002 | B3: Module 01 | C3: M01-F01 | D3: Batch Creation | E3: Create Batch with Invalid Name Format - Lowercase Letter | F3: Verify that the system rejects batch creation if the alphabet code is in lowercase (e.g. PNV26a). | G3: Staff user is logged in. | H3: BatchName=PNV26a; Status=Active | I3: 1. Open Batch Management; 2. Click Create Batch; 3. Enter PNV26a as Batch Name; 4. Click Save | J3: System rejects creation. Error message appears: "Invalid batch name. Use format PNVyyX (e.g., PNV26A)." | K3: System rejects creation. Error message appears: "Invalid batch name. Use format PNVyyX (e.g., PNV26A)." | L3: Passed | N3: High | O3: Related Requirement: M01-F01, Scenario: BS-01
A4: TC-M01-003 | B4: Module 01 | C4: M01-F01 | D4: Batch Creation | E4: Create Batch with Invalid Name Format - Wrong Prefix | F4: Verify that the system rejects batch creation if the prefix is not PNV (e.g. ABC26A). | G4: Staff user is logged in. | H4: BatchName=ABC26A; Status=Active | I4: 1. Open Batch Management; 2. Click Create Batch; 3. Enter ABC26A as Batch Name; 4. Click Save | J4: System rejects creation. Error message appears: "Invalid batch name. Use format PNVyyX (e.g., PNV26A)." | K4: System rejects creation. Error message appears: "Invalid batch name. Use format PNVyyX (e.g., PNV26A)." | L4: Passed | N4: High | O4: Related Requirement: M01-F01, Scenario: BS-01
A5: TC-M01-004 | B5: Module 01 | C5: M01-F01 | D5: Batch Creation | E5: Create Batch with Invalid Name Format - 4-digit Year | F5: Verify that the system rejects batch creation if the year is written in 4 digits (e.g. PNV2026A). | G5: Staff user is logged in. | H5: BatchName=PNV2026A; Status=Active | I5: 1. Open Batch Management; 2. Click Create Batch; 3. Enter PNV2026A as Batch Name; 4. Click Save | J5: System rejects creation. Error message appears: "Invalid batch name. Use format PNVyyX (e.g., PNV26A)." | K5: System rejects creation. Error message appears: "Invalid batch name. Use format PNVyyX (e.g., PNV26A)." | L5: Passed | N5: High | O5: Related Requirement: M01-F01, Scenario: BS-01
A6: TC-M01-005 | B6: Module 01 | C6: M01-F01 | D6: Batch Creation | E6: Create Batch with Invalid Name Format - Multiple Letters | F6: Verify that the system rejects batch creation if there are multiple suffix letters (e.g. PNV26AA). | G6: Staff user is logged in. | H6: BatchName=PNV26AA; Status=Active | I6: 1. Open Batch Management; 2. Click Create Batch; 3. Enter PNV26AA as Batch Name; 4. Click Save | J6: System rejects creation. Error message appears: "Invalid batch name. Use format PNVyyX (e.g., PNV26A)." | K6: System rejects creation. Error message appears: "Invalid batch name. Use format PNVyyX (e.g., PNV26A)." | L6: Passed | N6: High | O6: Related Requirement: M01-F01, Scenario: BS-01
A7: TC-M01-006 | B7: Module 01 | C7: M01-F01 | D7: Batch Creation | E7: Create Batch with Empty Name | F7: Verify that a batch cannot be saved with an empty name. | G7: Staff user is logged in. | H7: BatchName=; Status=Active | I7: 1. Open Batch Management; 2. Click Create Batch; 3. Leave Batch Name empty; 4. Click Save | J7: System rejects save. Error message appears indicating batch name is required. Saving is blocked. | K7: System rejects save. Error message appears indicating batch name is required. Saving is blocked. | L7: Passed | N7: High | O7: Related Requirement: M01-F01, Scenario: BS-01
A8: TC-M01-007 | B8: Module 01 | C8: M01-F01 | D8: Batch Creation | E8: Create Batch with Duplicate Name | F8: Verify that the system rejects batch creation if the name already exists (case-insensitive). | G8: Staff user is logged in. Batch PNV26A already exists. | H8: BatchName=pnv26a; Status=Active | I8: 1. Open Batch Management; 2. Click Create Batch; 3. Enter pnv26a (lowercase) as Batch Name; 4. Click Save | J8: System rejects creation. Error message appears: "A batch named "PNV26A" already exists." | K8: System rejects creation. Error message appears: "A batch named "PNV26A" already exists." | L8: Passed | N8: High | O8: Related Requirement: M01-F01, Scenario: BS-01
A9: TC-M01-008 | B9: Module 01 | C9: M01-F02 | D9: Batch Editing | E9: Rename Batch with Valid Unique Name | F9: Verify that an existing batch can be successfully renamed to a new valid unique name. | G9: Staff user is logged in. Batch PNV26A exists. | H9: OldBatchName=PNV26A; NewBatchName=PNV26C | I9: 1. Open Batch Management; 2. Select batch PNV26A and click Edit; 3. Change name to PNV26C; 4. Click Save | J9: Batch is renamed successfully. Success notification appears. PNV26C is displayed in the batch list. | K9: Batch is renamed successfully. Success notification appears. PNV26C is displayed in the batch list. | L9: Passed | N9: High | O9: Related Requirement: M01-F02, Scenario: BS-02
A10: TC-M01-009 | B10: Module 01 | C10: M01-F02 | D10: Batch Editing | E10: Rename Batch to Existing Name Blocked | F10: Verify that renaming a batch to a name that already exists is blocked by the system. | G10: Staff user is logged in. Batches PNV26A and PNV26B exist. | H10: TargetBatch=PNV26B; NewBatchName=PNV26A | I10: 1. Open Batch Management; 2. Select batch PNV26B and click Edit; 3. Change name to PNV26A; 4. Click Save | J10: System rejects update. Error message appears: "A batch named "PNV26A" already exists." | K10: System rejects update. Error message appears: "A batch named "PNV26A" already exists." | L10: Passed | N10: High | O10: Related Requirement: M01-F02, Scenario: BS-02
A11: TC-M01-010 | B11: Module 01 | C11: M01-F02 | D11: Batch Editing | E11: Rename Batch to Invalid Format Blocked | F11: Verify that renaming a batch to an invalid format is blocked by the system. | G11: Staff user is logged in. Batch PNV26A exists. | H11: TargetBatch=PNV26A; NewBatchName=PNV26AA | I11: 1. Open Batch Management; 2. Select batch PNV26A and click Edit; 3. Change name to PNV26AA; 4. Click Save | J11: System rejects update. Error message appears: "Invalid batch name. Use format PNVyyX (e.g., PNV26A)." | K11: System rejects update. Error message appears: "Invalid batch name. Use format PNVyyX (e.g., PNV26A)." | L11: Passed | N11: High | O11: Related Requirement: M01-F02, Scenario: BS-02
A12: TC-M01-011 | B12: Module 01 | C12: M01-F03 | D12: Batch Archiving | E12: Archive Active Batch | F12: Verify that an active batch can be archived by setting its Active status to false. | G12: Staff user is logged in. Batch PNV26A is active. | H12: BatchName=PNV26A; ActiveStatus=false | I12: 1. Open Batch Management; 2. Select batch PNV26A and click Archive (or edit and uncheck Active); 3. Confirm archive action | J12: Batch is archived successfully. Active status becomes false in database. The batch is hidden from active lists. | K12: Batch is archived successfully. Active status becomes false in database. The batch is hidden from active lists. | L12: Passed | N12: High | O12: Related Requirement: M01-F03, Scenario: BS-03
A13: TC-M01-012 | B13: Module 01 | C13: M01-F03 | D13: Batch Archiving | E13: Reactivate Archived Batch | F13: Verify that an archived batch can be reactivated by setting its Active status to true. | G13: Staff user is logged in. Batch PNV26A is archived (Active = false). | H13: BatchName=PNV26A; ActiveStatus=true | I13: 1. Open Batch Management; 2. Filter by Archived batches; 3. Select batch PNV26A and click Reactivate; 4. Confirm reactivate action | J13: Batch is reactivated successfully. Active status becomes true in database. The batch appears in active lists. | K13: Batch is reactivated successfully. Active status becomes true in database. The batch appears in active lists. | L13: Passed | N13: High | O13: Related Requirement: M01-F03, Scenario: BS-03
... A34: TC-M01-033 | B34: Module 01 | C34: M01-F06 | D34: Student Editing | E34: Edit Student Email to Invalid Format Blocked | F34: Verify that editing a student's email to an invalid format is blocked. | G34: Staff user is logged in. Student ST001 exists. | H34: StudentCode=ST001; NewEmail=nguyenvana_invalid_email | I34: 1. Open student list; 2. Select ST001 and click Edit; 3. Change email to 'nguyenvana_invalid_email'; 4. Click Save | J34: The system blocks saving and displays a validation error message requiring a valid email format. The email field is highlighted in red. | K34: The system successfully updated the email address, even though the format was incorrect. | L34: Failed | N34: High | O34: Related Requirement: M01-F06, Validation Rules

Sheet Module 02
A1: ID | B1: Module | C1: Feature ID | D1: Feature Name | E1: Title | F1: Objective | G1: Preconditions | H1: TestData | I1: Steps | J1: ExpectedResult | K1: Actual Result | L1: Status | M1: Evidence | N1: Priority | O1: Notes
A2: TC-M02-001 | B2: Module 02 | C2: M02-F01 | D2: Single Observation Entry | E2: Record Single Student Observation with Valid Ratings | F2: Verify that staff can record observations for a single student across all four subjects with valid ratings (G, S, NI). | G2: Staff user is logged in. Batch PNV26A and student ST001 exist. | H2: Student=ST001; Date=2026-07-17; IT_Rating=G; IT_Notes=Excellent coding skills; PLT_Rating=S; PLT_Notes=Active participation; English_Rating=NI; English_Notes=Needs vocabulary practice; DA_Rating=S; DA_Notes=Good design sense | I2: 1. Open Scan Management; 2. Select Batch PNV26A and Student ST001; 3. Select Observation Date: 17/07/2026; 4. For IT, select rating G and enter notes 'Excellent coding skills'; 5. For PLT, select rating S and enter notes 'Active participation'; 6. For English, select rating NI and enter notes 'Needs vocabulary practice'; 7. For DA, select rating S and enter notes 'Good design sense'; 8. Click Save | J2: Observation is saved successfully. A success message appears. The student's record is displayed in the list with correct ratings and notes. | K2: Observation is saved successfully. A success message appears. The student's record is displayed in the list with correct ratings and notes. | L2: Passed | N2: High | O2: Related Requirement: M02-F01, Scenario: SC-01
A3: TC-M02-002 | B3: Module 02 | C3: M02-F01 | D3: Single Observation Entry | E3: Record Single Student Observation with Empty Ratings | F3: Verify that staff can record observations with ratings set to '-' (Not Yet Assessed) and notes empty. | G3: Staff user is logged in. Batch PNV26A and student ST001 exist. | H3: Student=ST001; Date=2026-07-17; Ratings='-'; Notes='' | I3: 1. Open Scan Management; 2. Select Batch PNV26A and Student ST001; 3. Select Observation Date: 17/07/2026; 4. Leave all subject ratings as '-' and notes empty; 5. Click Save | J3: Observation is saved successfully. The ratings are stored as empty/unassessed in the database. No validation error occurs. | K3: Observation is saved successfully. The ratings are stored as empty/unassessed in the database. No validation error occurs. | L3: Passed | N3: High | O3: Related Requirement: M02-F01, Scenario: SC-01
A4: TC-M02-003 | B4: Module 02 | C4: M02-F02 | D4: Auto Rating Suggestion | E4: Auto Rating Suggestion Triggered After Typing Notes | F4: Verify that the system suggests a performance rating (G, S, or NI) approximately 400ms after user stops typing notes. | G4: Staff user is logged in. | H4: Subject=IT; Notes='The student solved all problems quickly and helped other classmates.' | I4: 1. Open observation entry for IT; 2. Start typing the notes: 'The student solved all problems quickly and helped other classmates.'; 3. Stop typing and wait for 400 milliseconds; 4. Observe the rating selector | J4: An auto-rating suggestion (G/excellent) is automatically selected or suggested adjacent to the rating field after 400ms of inactivity. | K4: An auto-rating suggestion (G/excellent) is automatically selected or suggested adjacent to the rating field after 400ms of inactivity. | L4: Passed | N4: High | O4: Related Requirement: M02-F02, Scenario: SC-02
A5: TC-M02-004 | B5: Module 02 | C5: M02-F02 | D5: Auto Rating Suggestion | E5: Overwrite Auto Rating Suggestion | F5: Verify that staff members can manually overwrite an auto-suggested rating. | G5: Staff user is logged in. System has suggested rating 'G' after notes were typed. | H5: Subject=IT; Notes='Good work but missed classes'; SuggestedRating=G; OverwrittenRating=S | I5: 1. Type notes that trigger a 'G' suggestion; 2. Wait for the suggestion to appear; 3. Click the rating dropdown and manually change the rating to 'S'; 4. Click Save | J5: The manually selected rating 'S' replaces the suggestion 'G'. The record is saved successfully with rating 'S'. | K5: The manually selected rating 'S' replaces the suggestion 'G'. The record is saved successfully with rating 'S'. | L5: Passed | N5: High | O5: Related Requirement: M02-F02, Scenario: SC-02
A6: TC-M02-005 | B6: Module 02 | C6: M02-F03 | D6: Batch Entry – All Subjects | E6: Batch Entry for All Subjects simultaneously | F6: Verify that staff can record observations for multiple students across all subjects simultaneously using spreadsheet-style entry. | G6: Staff user is logged in. Batch PNV26A contains multiple active students (ST001, ST002). | H6: Grid of ratings and notes for ST001 and ST002. | I6: 1. Open Scan Management and choose Batch Entry - All Subjects; 2. Select Batch PNV26A and Date: 17/07/2026; 3. On the grid, enter ratings and notes for ST001 (IT=G, PLT=S, English=S, DA=S) and ST002 (IT=S, PLT=NI, English=S, DA=S); 4. Click Save All | J6: System saves all observation data simultaneously. Success notification appears (e.g.: "Saved 2 students"). Data is displayed accurately in the list. | K6: System saves all observation data simultaneously. Success notification appears (e.g.: "Saved 2 students"). Data is displayed accurately in the list. | L6: Passed | N6: High | O6: Related Requirement: M02-F03, Scenario: SC-03
A7: TC-M02-006 | B7: Module 02 | C7: M02-F04 | D7: Batch Entry – By Subject | E7: Batch Entry by Subject | F7: Verify that teachers can enter observations for a single subject for multiple students in batch mode. | G7: Staff user is logged in. | H7: Subject=English; Ratings and notes for ST001, ST002, ST003. | I7: 1. Open Scan Management and choose Batch Entry - By Subject; 2. Select Batch PNV26A, Date: 17/07/2026, and Subject: English; 3. Fill ratings and notes for English for ST001, ST002, and ST003; 4. Click Save | J7: English observations are saved successfully for all selected students. Other subjects (IT, PLT, DA) for these students remain unaffected. | K7: English observations are saved successfully for all selected students. Other subjects (IT, PLT, DA) for these students remain unaffected. | L7: Passed | N7: High | O7: Related Requirement: M02-F04, Scenario: SC-04
A8: TC-M02-007 | B8: Module 02 | C8: M02-F05 | D8: Observation Editing | E8: Edit Existing Observation Ratings and Notes | F8: Verify that staff can edit the ratings and notes of an existing observation record (before the session is complete). | G8: Staff user is logged in. Student ST001 has an observation on 17/07/2026. | H8: Student=ST001; Date=2026-07-17; NewITRating=S; NewITNotes=Needs some improvements. | I8: 1. Open Scan Management; 2. Search for ST001 and click Edit on observation for 17/07/2026; 3. Change IT rating to 'S' and notes to 'Needs some improvements.'; 4. Click Save | J8: Observation is updated successfully. A success notification is displayed. The new rating 'S' and notes display correctly. | K8: Observation is updated successfully. A success notification is displayed. The new rating 'S' and notes display correctly. | L8: Passed | N8: High | O8: Related Requirement: M02-F05, Scenario: SC-05
A9: TC-M02-008 | B9: Module 02 | C9: M02-F05 | D9: Observation Editing | E9: Observation Date Locked and Cannot Be Changed | F9: Verify that the observation date of an existing record is locked and cannot be edited. | G9: Staff user is logged in. Student ST001 has an observation on 17/07/2026. | H9: Student=ST001; Date=2026-07-17 | I9: 1. Open Scan Management; 2. Select ST001 observation on 17/07/2026 and click Edit; 3. Check the Observation Date field; 4. Attempt to modify the date | J9: The Observation Date field is disabled (read-only) and cannot be interacted with or modified. | K9: The evaluation date is subject to change at will without notice. | L9: Failed | N9: High | O9: Related Requirement: M02-F05, Scenario: SC-05, Business Rules
A10: TC-M02-009 | B10: Module 02 | C10: M02-F06 | D10: Duplicate Detection & Merge | E10: Duplicate Observation Merged - Less Than 3 Subjects Completed | F10: Verify that a duplicate student/date observation is merged into the existing record if less than 3 subjects are completed in the existing record. | G10: Staff user is logged in. Student ST001 has an observation on 17/07/2026 with only IT and PLT completed. | H10: Student=ST001; Date=2026-07-17; English_Rating=S; English_Notes=Good English vocabulary; DA_Rating=S | I10: 1. Submit a new observation for ST001 on 17/07/2026 with English rating 'S', notes 'Good English vocabulary', and DA rating 'S'; 2. Click Save | J10: Save is accepted. English and DA ratings are merged into the existing ST001 row. Message displays: "Added to existing session.". | K10: The system does not merge duplicate reviews. | L10: Failed | N10: High | O10: Related Requirement: M02-F06, Scenario: SC-06, Rule 1
A11: TC-M02-010 | B11: Module 02 | C11: M02-F06 | D11: Duplicate Detection & Merge | E11: Duplicate Observation Rejected - 3 or More Subjects Completed | F11: Verify that a duplicate student/date observation is rejected if 3 or more subjects are already completed in the existing record. | G11: Staff user is logged in. Student ST001 has an observation on 17/07/2026 with IT, PLT, and English completed. | H11: Student=ST001; Date=2026-07-17; DA_Rating=G; DA_Notes=Excellent design work | I11: 1. Attempt to save a new observation for ST001 on 17/07/2026 containing DA rating 'G'; 2. Click Save | J11: Save is rejected. Error message displays: "A feedback record for this date already exists.". New record is not saved. | K11: New ratings are saved and no error messages are displayed even if the student has previously given a rating. | L11: Failed | N11: High | O11: Related Requirement: M02-F06, Scenario: SC-07, Rule 2
A12: TC-M02-011 | B12: Module 02 | C12: M02-F07 | D12: Session Management | E12: Mark Session Complete - Auto-fill N/A for Unassessed Students | F12: Verify that marking a session complete automatically fills ratings for unassessed students with N/A and closes the session. | G12: Staff user is logged in. Batch PNV26A session on 17/07/2026 is complete for ST001 but ST002 has no observations. | H12: Batch=PNV26A; Date=2026-07-17 | I12: 1. Open progress dashboard for PNV26A on 17/07/2026; 2. Click Mark Session Complete; 3. Check session status and ST002 record | J12: Session status becomes 'Complete'. Student ST002 is automatically filled with 'N/A' for all subjects. No unassessed students remain. | K12: Session status becomes 'Complete'. Student ST002 is automatically filled with 'N/A' for all subjects. No unassessed students remain. | L12: Passed | N12: High | O12: Related Requirement: M02-F07, Scenario: SC-08
A13: TC-M02-012 | B13: Module 02 | C13: M02-F07 | D13: Session Management | E13: Block Edits on Completed Session | F13: Verify that staff cannot edit or create observations once a session is marked Complete. | G13: Staff user is logged in. Batch PNV26A session on 17/07/2026 is marked Complete. | H13: Batch=PNV26A; Date=2026-07-17 | I13: 1. Open completed session for PNV26A on 17/07/2026; 2. Try clicking Edit or Add Observation for this date; 3. Observe UI and server response if save is sent | J13: Edit/Add buttons are hidden or disabled. Server rejects any manual save attempts with error "Form may be outdated." or "Session outdated.". | K13: The edit button is disabled, making it impossible to edit student evaluation information. | L13: Passed | N13: High | O13: Related Requirement: M02-F07, Scenario: SC-08, Business Rules
... A26: TC-M02-025 | B26: Module 02 | C26: M02-F07 | D26: Session Management | E26: Block Editing of Auto-filled N/A Observations | F26: Verify that once a session is completed, the auto-filled N/A observations are locked and cannot be edited. | G26: Staff user is logged in. Batch PNV26A session on 17/07/2026 has been completed. Student ST002 was auto-filled with N/A. | H26: Student=ST002; Date=2026-07-17 | I26: 1. Open observation list for PNV26A on 17/07/2026; 2. Select ST002 (showing N/A for all subjects); 3. Search for Edit button or click fields to modify rating/notes; 4. Attempt to save modifications | J26: Rating select boxes and comments are read-only. Edit controls are hidden or disabled. No changes can be saved. | K26: Rating select boxes and comments are read-only. Edit controls are hidden or disabled. No changes can be saved. | L26: Passed | N26: High | O26: Related Requirement: M02-F07, Scenario: SC-08, Session Completion

Sheet Module 03
A1: ID | B1: Module | C1: Feature ID | D1: Feature Name | E1: Title | F1: Objective | G1: Preconditions | H1: TestData | I1: Steps | J1: ExpectedResult | K1: Actual Result | L1: Status | M1: Evidence | N1: Priority | O1: Notes
A2: TC-M03-001 | B2: Module 03 | C2: M03-F01 | D2: Course / Subject Creation | E2: Create New Subject Manually | F2: Verify that staff can create a new subject manually by choosing a batch and semester. | G2: Staff user is logged in. Batch PNV26A and Semester 1 exist. | H2: SubjectName=Programming; Batch=PNV26A; Semester=Semester 1 | I2: 1. Navigate to Academic Management; 2. Click Create Subject; 3. Enter subject name 'Programming'; 4. Select Batch 'PNV26A' and Semester 'Semester 1'; 5. Click Save | J2: Subject is created successfully. Success notification appears. 'Programming' belongs to PNV26A, Semester 1 in subject list. | L2: Passed | N2: High | O2: Related Requirement: M03-F01
A3: TC-M03-002 | B3: Module 03 | C3: M03-F01 | D3: Course / Subject Creation | E3: Bulk Subject Creation via Valid CSV | F3: Verify that staff can create multiple subjects simultaneously by importing a valid CSV file. | G3: Staff user is logged in. Batch PNV26A and Semester 1 exist. | H3: CSV containing: SubjectName, Batch, Semester columns with 'Programming,PNV26A,Semester 1' and 'English,PNV26A,Semester 1' | I3: 1. Navigate to Academic Management; 2. Click Import Subjects via CSV; 3. Select valid CSV file; 4. Click Import | J3: Subjects are imported successfully. Message displays 'Imported 2 subjects'. Programming and English appear in subject list. | L3: Passed | N3: High | O3: Related Requirement: M03-F01
A4: TC-M03-003 | B4: Module 03 | C4: M03-F01 | D4: Course / Subject Creation | E4: Create Subject Fails due to Empty Subject Name | F4: Verify that the system blocks subject creation and warns if the subject name is empty. | G4: Staff user is logged in. | H4: SubjectName=Empty; Batch=PNV26A; Semester=Semester 1 | I4: 1. Navigate to Academic Management; 2. Click Create Subject; 3. Leave Subject Name blank; 4. Select Batch PNV26A and Semester 1; 5. Click Save | J4: Saving is blocked. Error message 'Subject Name is required' displays. Name field is highlighted in red. | K4: Hệ thống không thực hiện việc tạo môn học nhưng cũng không có thông báo nào cho người dùng. | L4: Failed | N4: High | O4: Related Requirement: M03-F01, Validation Rules
A5: TC-M03-004 | B5: Module 03 | C5: M03-F02 | D5: Grade Entry Structure | E5: Single Student Grade Entry | F5: Verify that staff can input periodic and regular test grades for a specific student in a subject. | G5: Programming subject of batch PNV26A exists. Student ST001 belongs to batch PNV26A. | H5: StudentID=ST001; Subject=Programming; KT_TX=7.5; DK1=8.0 | I5: 1. Open Academic Management and select subject 'Programming'; 2. Find student ST001 in grade list; 3. Click KT TX cell and enter '7.5'; 4. Click DK1 cell and enter '8.0'; 5. Click Save | J5: Grades are saved successfully. Success message displays. '7.5' and '8.0' appear on ST001's grade row. | L5: Not Run | N5: High | O5: Related Requirement: M03-F02
A6: TC-M03-005 | B6: Module 03 | C6: M03-F03 | D6: Automatic TBKT Calculation | E6: Auto TBKT Calculation and Exam Eligibility (TBKT >= 5.0) | F6: Verify that the system automatically calculates average grade (TBKT) based on weighted formula and grants exam eligibility (Eligible = YES) if TBKT >= 5.0. | G6: Programming subject has 1 periodic test weight. Student ST001 has grades. | H6: KT_TX=7.0; DK1=8.0 | I6: 1. Select subject 'Programming'; 2. Input KT_TX=7.0 and DK1=8.0 for ST001; 3. Click Save; 4. Observe TBKT column and Eligible status for ST001 | J6: TBKT is calculated as 7.67 (formula: (7.0*1 + 8.0*2)/3 = 7.67). Exam eligibility displays 'YES'. | L6: Not Run | N6: High | O6: Related Requirement: M03-F03
A7: TC-M03-006 | B7: Module 03 | C7: M03-F03 | D7: Automatic TBKT Calculation | E7: Auto TBKT Calculation and Exam Ineligibility (TBKT < 5.0) | F7: Verify that the system automatically calculates TBKT and blocks exam eligibility (Eligible = NO) if TBKT < 5.0. | G7: Programming subject has 1 periodic test weight. Student ST002 has grades. | H7: KT_TX=3.0; DK1=5.0 | I7: 1. Select subject 'Programming'; 2. Input KT_TX=3.0 and DK1=5.0 for ST002; 3. Click Save; 4. Observe TBKT column and Eligible status for ST002 | J7: TBKT is calculated as 4.33 (formula: (3.0*1 + 5.0*2)/3 = 4.33). Exam eligibility displays 'NO'. | L7: Not Run | N7: High | O7: Related Requirement: M03-F03
A8: TC-M03-007 | B8: Module 03 | C8: M03-F03 | D8: Automatic TBKT Calculation | E8: Block Final Exam Grade Entry When Ineligible (TBKT < 5.0) | F8: Verify that final exam grade input is disabled and blocked for students with status Eligible = NO. | G8: Student ST002 has TBKT = 4.33 (Eligible = NO) in Programming. | H8: TCK=6.0 | I8: 1. Open Programming grade list; 2. Locate final exam grade (TCK) cell for ST002; 3. Try clicking or typing '6.0' in the TCK cell; 4. Observe the UI | J8: The TCK cell for ST002 is disabled (read-only). Hovering displays 'Not eligible for final exam'. Any backend save attempt returns validation error. | L8: Not Run | N8: High | O8: Related Requirement: M03-F03, Business Rules 7.4
A9: TC-M03-008 | B9: Module 03 | C9: M03-F03 | D9: Automatic TBKT Calculation | E9: Allow Final Exam Grade Entry When Eligible (TBKT >= 5.0) | F9: Verify that final exam grade input is enabled and saved successfully for students with status Eligible = YES. | G9: Student ST001 has TBKT = 7.67 (Eligible = YES) in Programming. | H9: TCK=8.5 | I9: 1. Open Programming grade list; 2. Locate final exam grade (TCK) cell for ST001; 3. Click the cell and enter '8.5'; 4. Click Save | J9: Grade input behaves normally. Final exam grade '8.5' is saved successfully in database and displayed in UI. | L9: Not Run | N9: High | O9: Related Requirement: M03-F03, Business Rules 7.4
A10: TC-M03-009 | B10: Module 03 | C10: M03-F03 | D10: Automatic TBKT Calculation | E10: Input Retake Exam Grade for Student | F10: Verify that staff can enter a retake exam grade (TLCK) manually and optionally for a student. | G10: Student ST001 has a final exam grade (TCK) recorded. | H10: TLCK=7.0 | I10: 1. Open Programming grade list; 2. Click the retake exam grade (TLCK) cell for ST001; 3. Enter '7.0' and click Save | J10: Retake grade is recorded successfully and displayed in student's grade row. Other grades remain intact. | L10: Not Run | N10: High | O10: Related Requirement: M03-F03, Business Rules 7.2
A11: TC-M03-010 | B11: Module 03 | C11: M03-F04 | D11: Grade Upload via CSV | E11: Bulk Grade Upload via CSV (Overwrite Mode) | F11: Verify that CSV grade import overwrites all existing grades of students in the subject with the new values. | G11: Subject English has existing grades for ST001 (KT_TX=5.0) and ST002 (KT_TX=6.0). | H11: CSV containing: StudentID, KT_TX, DK1. Rows: 'ST001,8.0,9.0' and 'ST002,7.5,8.0' | I11: 1. Select subject 'English'; 2. Click Upload Grades via CSV; 3. Select new CSV file and confirm upload; 4. Observe grade list | J11: Upload succeeds. Grades for ST001 update to KT_TX=8.0, DK1=9.0 (TBKT=8.67), and ST002 update to KT_TX=7.5, DK1=8.0 (TBKT=7.83). Old grades are overwritten. | L11: Not Run | N11: High | O11: Related Requirement: M03-F04, Business Rules 7.5
A12: TC-M03-011 | B12: Module 03 | C12: M03-F04 | D12: Grade Upload via CSV | E12: CSV Grade Upload with Blank Cells Clears Existing Grades | F12: Verify that blank cells in CSV file are interpreted as NULL/Empty and clear corresponding old grades. | G12: Student ST001 has grades (KT_TX=8.0, DK1=9.0). | H12: CSV row: ST001,,9.0 (empty KT_TX value between commas) | I12: 1. Select subject, click Upload Grades via CSV; 2. Select CSV containing empty KT_TX for ST001; 3. Confirm import | J12: Grade list is updated. Regular test grade (KT_TX) for ST001 (previously 8.0) is cleared/empty. DK1 remains 9.0. | L12: Not Run | N12: High | O12: Related Requirement: M03-F04, CSV Import Rules 8
A13: TC-M03-012 | B13: Module 03 | C13: M03-F04 | D13: Grade Upload via CSV | E13: CSV Grade Upload Fails due to Missing StudentID Column | F13: Verify that CSV grade import rejects files missing the StudentID column and does not modify any data. | G13: Staff user is logged in. | H13: CSV with KT_TX, DK1, TCK columns (no StudentID column) | I13: 1. Select subject, click Upload Grades via CSV; 2. Select CSV missing StudentID column and upload; 3. Observe error message | J13: System rejects the CSV file and displays error: 'Missing required column StudentID'. No grades are modified. | L13: Not Run | N13: High | O13: Related Requirement: M03-F04, Error Handling 10
A14: TC-M03-013 | B14: Module 03 | C14: M03-F04 | D14: Grade Upload via CSV | E14: CSV Grade Upload Fails due to Decimal Comma Format (8,5) | F14: Verify that decimal grades formatted with commas (e.g. 8,5) instead of dots (8.5) trigger error. | G14: Staff user is logged in. | H14: CSV row: ST001,8,5,9.0 (or double quoted ST001,\8 | I14: 5\" | J14: 9.0)" | L14: Not Run | N14: 1. Click Upload Grades via CSV; 2. Select CSV containing '8,5' for ST001; 3. Observe response | O14: System blocks import or warns of invalid decimal format requiring dot '.'. Grade is not saved incorrectly.
A15: TC-M03-014 | B15: Module 03 | C15: M03-F04 | D15: Grade Upload via CSV | E15: CSV Grade Upload Fails due to Out of Range Grades (0-10) | F15: Verify that grades outside the 0-10 scale in CSV are rejected. | G15: Staff user is logged in. | H15: CSV row: ST001,11.0,8.0 (KT_TX = 11.0) | I15: 1. Click Upload Grades via CSV; 2. Select CSV with invalid grade '11.0'; 3. Observe error message | J15: System blocks import and displays validation error: 'Grade must be between 0 and 10.' at the corresponding row. No grades are saved. | L15: Not Run | N15: High | O15: Related Requirement: M03-F04, Validation Rules 9
A16: TC-M03-015 | B16: Module 03 | C16: M03-F07 | D16: Manual GPA & Letter Grade Entry | E16: Manually Upload Semester GPA and Letter Grade via CSV | F16: Verify that final score, GPA, and letter grades can be manually imported from CSV and preserved without automatic recalculation. | G16: Student ST001 has semester grade record. | H16: CSV with StudentID, FinalScore, GPA, LetterGrade. Row: ST001,8.5,3.6,A | I16: 1. Navigate to GPA & Letter Grade CSV import; 2. Select CSV containing GPA=3.6 and LetterGrade=A for ST001; 3. View ST001 semester transcript details | J16: GPA=3.6 and LetterGrade=A are saved and displayed exactly. No auto-recalculations are performed on these fields. | L16: Not Run | N16: High | O16: Related Requirement: M03-F07, Business Rules 7.7
... A23: TC-M03-022 | B23: Module 03 | C23: M03-F03 | D23: Automatic TBKT Calculation | E23: TBKT Calculation Independence with Varying Periodic Test Counts (n) | F23: Verify that TBKT formula calculates correctly for subjects with different numbers of periodic tests (n from 1 to 6). | G23: Subject A has 1 periodic test (DK1); Subject B has 3 periodic tests (DK1, DK2, DK3). | H23: Subject A: KT_TX=6.0; DK1=7.0. Subject B: KT_TX=6.0; DK1=7.0; DK2=8.0; DK3=9.0. | I23: 1. Under Subject A, enter KT_TX=6.0 and DK1=7.0 for ST001, save; 2. Under Subject B, enter KT_TX=6.0, DK1=7.0, DK2=8.0, DK3=9.0 for ST001, save; 3. Compare TBKT scores for ST001 | J23: Subject A TBKT is 6.67 (formula: (6.0*1 + 7.0*2)/3 = 6.67). Subject B TBKT is 7.71 (formula: (6.0*1 + 7.0*2 + 8.0*2 + 9.0*2)/7 = 7.71). Both are calculated independently and correctly. | L23: Not Run | N23: High | O23: Related Requirement: TBKT Calculation Formula

Sheet Module 04
A1: ID | B1: Module | C1: Feature ID | D1: Feature Name | E1: Title | F1: Objective | G1: Preconditions | H1: TestData | I1: Steps | J1: ExpectedResult | K1: Actual Result | L1: Status | M1: Evidence | N1: Priority | O1: Notes
A2: TC-M04-001 | B2: Module 04 | C2: M04-F01 | D2: Council Feedback Record | E2: Record Council Feedback Successful | F2: Verify that staff can successfully record a Class Council record with comments from all departments. | G2: Staff user is logged in. Student ST001 and Semester 1 exist. No council record exists for ST001 in Semester 1. | H2: Student=ST001; Semester=Semester 1; GeneralComment=Strong learning attitude; ITComment=Excellent coding skills; EnglishComment=Fluent communicator; PLTComment=Highly cooperative; EducatorComment=Good behavior | I2: 1. Navigate to Class Council Management; 2. Click Create Council Record; 3. Select Student ST001 and Semester 'Semester 1'; 4. Enter General Comment 'Strong learning attitude'; 5. Enter IT Comment 'Excellent coding skills'; 6. Enter English Comment 'Fluent communicator'; 7. Enter PLT Comment 'Highly cooperative'; 8. Enter Educator Comment 'Good behavior'; 9. Click Save | J2: The record is saved successfully. A success message appears. The student's record is displayed in the list with all comments. | K2: The record is saved successfully. A success message appears. The student's record is displayed in the list with all comments. | L2: Passed | N2: High | O2: Related Requirement: M04-F01
A3: TC-M04-002 | B3: Module 04 | C3: M04-F01 | D3: Council Feedback Record | E3: Record Council Feedback with Empty Optional Fields | F3: Verify that saving a completely empty council feedback record is allowed without validation errors. | G3: Staff user is logged in. Student ST002 and Semester 1 exist. No record exists for ST002 in Semester 1. | H3: Student=ST002; Semester=Semester 1; AllComments=Empty; Warning=False; WarningReason=Empty | I3: 1. Navigate to Class Council Management; 2. Click Create Council Record; 3. Select Student ST002 and Semester 'Semester 1'; 4. Leave all comment fields empty; 5. Ensure Warning is unchecked and Warning Reason is blank; 6. Click Save | J3: The record is saved successfully. No validation errors occur. No badges appear on the list for student ST002. | K3: The record is saved successfully. No validation errors occur. No badges appear on the list for student ST002. | L3: Passed | N3: High | O3: Related Requirement: M04-F01, Optional Fields 6.2
A4: TC-M04-003 | B4: Module 04 | C4: M04-F02 | D4: Academic Warning Flag | E4: Set Academic Warning Flag and Warning Reason | F4: Verify that staff can set an academic warning flag and input a warning reason. | G4: Staff user is logged in. Student ST001 and Semester 1 exist. | H4: Student=ST001; Semester=Semester 1; Warning=True; WarningReason=Attendance below required level | I4: 1. Open the council record for ST001 in Semester 1; 2. Check the 'Academic Warning' checkbox; 3. Enter Warning Reason: 'Attendance below required level'; 4. Click Save | J4: The record is saved successfully. The warning badge (⚠) appears next to the student's name in the list. | K4: The record is saved successfully. The warning badge (⚠) appears next to the student's name in the list. | L4: Passed | N4: High | O4: Related Requirement: M04-F02, Academic Warning 6.3
A5: TC-M04-004 | B5: Module 04 | C5: M04-F02 | D5: Academic Warning Flag | E5: Set Academic Warning Flag with Empty Warning Reason | F5: Verify that warning reason is optional and saving warning flag without a reason is allowed. | G5: Staff user is logged in. | H5: Student=ST001; Semester=Semester 1; Warning=True; WarningReason=Empty | I5: 1. Open the council record for ST001 in Semester 1; 2. Check the 'Academic Warning' checkbox; 3. Leave 'Warning Reason' empty; 4. Click Save | J5: The record is saved successfully. No validation errors occur. The warning badge (⚠) is displayed on the student list. | K5: The record is saved successfully. No validation errors occur. The warning badge (⚠) is displayed on the student list. | L5: Passed | N5: High | O5: Related Requirement: M04-F02, Optional Fields 6.2, Validation Rules 7
A6: TC-M04-005 | B6: Module 04 | C6: M04-F04 | D6: Auto Draft Saving | E6: Verify Automatic Draft Saving in Browser Local Storage | F6: Verify that the system automatically saves typed comments into local storage in the background. | G6: Staff user is logged in. Bi-directional sync/save has not been initiated. | H6: Student=ST003; Semester=Semester 1; ITComment=Draft comment for IT department | I6: 1. Open the council record for ST003 in Semester 1; 2. Type IT Comment 'Draft comment for IT department'; 3. Do NOT click Save; 4. Open Developer Tools -> Application -> Local Storage | J6: The text 'Draft comment for IT department' is saved automatically to browser Local Storage under a key representing ST003/Semester 1 as typing occurs. | K6: The text 'Draft comment for IT department' is saved automatically to browser Local Storage under a key representing ST003/Semester 1 as typing occurs. | L6: Passed | N6: High | O6: Related Requirement: M04-F04, Automatic Draft Saving 6.5
A7: TC-M04-006 | B7: Module 04 | C7: M04-F05 | D7: Draft Recovery / Discard | E7: Recover Unsaved Draft after Unexpected Browser Closure | F7: Verify that the system detects unsaved local drafts and displays a prompt to restore them. | G7: Unsaved draft for ST003 with ITComment='Draft comment for IT department' exists in Local Storage. Sheets database does not have this comment. | H7: Student=ST003; Semester=Semester 1 | I7: 1. Close browser and reopen it (simulating crash); 2. Navigate back to the council record for ST003 in Semester 1; 3. Verify prompt; 4. Select 'Continue editing' | J7: An 'Unsaved Draft' warning/prompt is shown. Selecting 'Continue editing' restores the draft text 'Draft comment for IT department' to the IT Comment text box. | K7: An 'Unsaved Draft' warning/prompt is shown. Selecting 'Continue editing' restores the draft text 'Draft comment for IT department' to the IT Comment text box. | L7: Passed | N7: High | O7: Related Requirement: M04-F05, Draft Recovery 6.6
A8: TC-M04-007 | B8: Module 04 | C8: M04-F05 | D8: Draft Recovery / Discard | E8: Discard Unsaved Draft to Restore Last Saved Data | F8: Verify that choosing to discard an unsaved draft removes it and restores the last saved data from database. | G8: Official database record for ST003 has ITComment='Good student'. Unsaved draft in Local Storage has ITComment='Draft edit'. | H8: Student=ST003; Semester=Semester 1 | I8: 1. Open council record for ST003 in Semester 1; 2. When 'Unsaved Draft' prompt appears, select 'Discard draft'; 3. Check the IT Comment text box | J8: Local Storage draft is cleared. The IT Comment reverts to the database value 'Good student'. Draft edits are discarded. | K8: Local Storage draft is cleared. The IT Comment reverts to the database value 'Good student'. Draft edits are discarded. | L8: Passed | N8: High | O8: Related Requirement: M04-F05, Draft Recovery 6.6
A9: TC-M04-008 | B9: Module 04 | C9: M04-F06 | D9: Batch Feedback Entry | E9: Batch Feedback Entry by Comment Type | F9: Verify that staff can enter the same feedback type for multiple students simultaneously in batch mode. | G9: Staff user is logged in. Students ST001, ST002, and ST003 exist in Batch PNV26A. | H9: Batch=PNV26A; Semester=Semester 1; FeedbackType=IT Comment; Comments='Active performance in programming project' for ST001, ST002, and ST003 | I9: 1. Open Batch Feedback page; 2. Select Batch PNV26A, Semester 'Semester 1', and Feedback Type 'IT Comment'; 3. In the grid, type 'Active performance in programming project' for ST001, ST002, and ST003; 4. Click Save All | J9: All three records are saved successfully. Success message 'Saved 3 students' is shown. Selected students have the new IT comment. | K9: All three records are saved successfully. Success message 'Saved 3 students' is shown. Selected students have the new IT comment. | L9: Passed | N9: High | O9: Related Requirement: M04-F06, Batch Feedback 6.7
A10: TC-M04-009 | B10: Module 04 | C10: M04-F06 | D10: Batch Feedback Entry | E10: Batch Feedback Entry Does Not Overwrite Other Comment Fields | F10: Verify that entering batch feedback for one field does not erase other existing comment fields for that student. | G10: Student ST001 has existing ITComment='Excellent coding' and EnglishComment='Good speaking'. | H10: FeedbackType=English Comment; NewEnglishComment='Excellent communication' | I10: 1. Open Batch Feedback page; 2. Select Feedback Type 'English Comment'; 3. Input 'Excellent communication' for ST001 and click Save; 4. Navigate to ST001's council record details | J10: English Comment is updated to 'Excellent communication'. The existing IT Comment is preserved as 'Excellent coding' (not cleared). | K10: English Comment is updated to 'Excellent communication'. The existing IT Comment is preserved as 'Excellent coding' (not cleared). | L10: Passed | N10: High | O10: Related Requirement: M04-F06, Batch Feedback 6.7
A11: TC-M04-010 | B11: Module 04 | C11: M04-F07 | D11: Concurrent Edit Conflict Handling | E11: Three-Way Merge for Non-conflicting Concurrent Edits | F11: Verify that concurrent edits on different fields of the same record are merged successfully using 3-way merge. | G11: Teacher A and Teacher B are logged in. The database record for ST001 has GeneralComment='Good student', other fields are empty. | H11: ST001 record in Semester 1; Teacher B saves ITComment='Excellent'; Teacher A saves EnglishComment='Fluent' | I11: 1. Teacher A opens ST001 council edit form; 2. Teacher B opens ST001 council edit form; 3. Teacher B updates IT Comment to 'Excellent' and clicks Save first; 4. Teacher A updates English Comment to 'Fluent' (IT Comment remains empty on their screen) and clicks Save | J11: Save succeeds. The final record on Sheets is merged: GeneralComment='Good student', ITComment='Excellent', and EnglishComment='Fluent'. Teacher A receives notification of updates by another teacher. | K11: Save succeeds. The final record on Sheets is merged: GeneralComment='Good student', ITComment='Excellent', and EnglishComment='Fluent'. Teacher A receives notification of updates by another teacher. | L11: Passed | N11: High | O11: Related Requirement: M04-F07, Concurrent Editing 6.8
A12: TC-M04-011 | B12: Module 04 | C12: M04-F07 | D12: Concurrent Edit Conflict Handling | E12: Flag Conflict on Concurrent Edits of Same Field | F12: Verify that concurrent edits on the same field block the second user from overwriting first user's saved data and flag a conflict. | G12: Teacher A and Teacher B are logged in. ST001 has ITComment='Good'. | H12: ST001 record in Semester 1; Teacher B saves ITComment='Excellent'; Teacher A saves ITComment='Very Good' | I12: 1. Teacher A opens ST001 edit form; 2. Teacher B opens ST001 edit form; 3. Teacher B changes IT Comment to 'Excellent' and clicks Save; 4. Teacher A changes IT Comment to 'Very Good' and clicks Save after Teacher B | J12: Teacher A's save is blocked or triggers a conflict. An error 'Saved, but these fields were updated by another teacher: IT Comment' is shown. Teacher B's value 'Excellent' is preserved in database. | K12: Teacher A's save is blocked or triggers a conflict. An error 'Saved, but these fields were updated by another teacher: IT Comment' is shown. Teacher B's value 'Excellent' is preserved in database. | L12: Passed | N12: High | O12: Related Requirement: M04-F07, Concurrent Editing 6.8
A13: TC-M04-012 | B13: Module 04 | C13: M04-F08 | D13: PDF Report Export | E13: Export Class Council Report to PDF | F13: Verify that staff can generate and download a PDF report containing student info, semester, comments, and warnings. | G13: Student ST001 has a complete council record in Semester 1. | H13: Student=ST001; Semester=Semester 1 | I13: 1. Open ST001's council record details page; 2. Click Export PDF; 3. Open the downloaded PDF file | J13: The PDF report downloads successfully. It contains student details, Semester 1, all teacher comments, and warning details formatted correctly. | K13: The PDF report downloads successfully. It contains student details, Semester 1, all teacher comments, and warning details formatted correctly. | L13: Passed | N13: High | O13: Related Requirement: M04-F08, PDF Export 6.9
... A34: TC-M04-033 | B34: Module 04 | C34: M04-F08 | D34: PDF Report Export | E34: Export PDF Report for Council Record with Partial Comments | F34: Verify that exporting a PDF report works properly even if some optional department comments are left blank. | G34: Staff user is logged in. ST002 has a saved council record with only IT Comment filled (others empty). | H34: Student=ST002; Semester=Semester 1 | I34: 1. Open council record for ST002 in Semester 1; 2. Click Export PDF; 3. Download and inspect PDF report | J34: PDF report exports successfully without errors. Blank comment sections display 'N/A' or remain neatly empty without breaking PDF layout. | K34: PDF report exports successfully without errors. Blank comment sections display 'N/A' or remain neatly empty without breaking PDF layout. | L34: Passed | N34: Medium | O34: Related Requirement: M04-F08, Business Rule 6.2, 6.9

Sheet Module 05
A1: ID | B1: Module | C1: Feature ID | D1: Feature Name | E1: Title | F1: Objective | G1: Preconditions | H1: TestData | I1: Steps | J1: ExpectedResult | K1: Actual Result | L1: Status | M1: Evidence | N1: Priority | O1: Notes
A2: TC-M05-001 | B2: Module 05 - Internship Management | C2: M05-F01 | D2: Internship Group Creation | E2: Create New Internship Group with Valid Information | F2: Verify functionality for creating a new internship group when entering all required and valid information. | G2: User is logged in as Staff. Currently on Internship Management interface. Classes "PNV26A" and "PNV26B" exist in system and are not assigned to any internship group in the same academic year. | H2: GroupName="Internship Group 2026"; AcademicYear="2026"; Classes="PNV26A, PNV26B"; StartDate="2026-06-01" | I2: 1. Click Create New Internship Group button; 2. Enter Group Name as "Internship Group 2026"; 3. Select Academic Year as "2026"; 4. Select classes "PNV26A" and "PNV26B"; 5. Select Start Date as "2026-06-01"; 6. Click Save button. | J2: Internship group is created successfully. Success notification appears and "Internship Group 2026" is displayed in the active internship group list with 2 assigned classes. | K2: Internship group is created successfully. Success notification appears and "Internship Group 2026" is displayed in the active internship group list with 2 assigned classes. | L2: Passed | N2: High | O2: Related Requirement: M05-F01, Rule 6.1
A3: TC-M05-002 | B3: Module 05 - Internship Management | C3: M05-F01 | D3: Internship Group Creation | E3: Internship Group Creation Fails Due to Empty Group Name | F3: Verify system displays error and prevents creating internship group when group name is blank. | G3: User is logged in as Staff. Currently on Create New Internship Group interface. Class "PNV26A" is not assigned to any internship group in the academic year. | H3: GroupName=""; AcademicYear="2026"; Classes="PNV26A"; StartDate="2026-06-01" | I3: 1. Leave Group Name blank; 2. Select Academic Year as "2026"; 3. Select class "PNV26A"; 4. Select Start Date as "2026-06-01"; 5. Click Save button. | J3: System blocks creation. Validation error message appears: "Group Name is required." Form remains open and no new record is created. | K3: System blocks creation. Validation error message appears: "Group Name is required." Form remains open and no new record is created. | L3: Passed | N3: High | O3: Related Requirement: M05-F01, Rule 6.1, Validation Rules (Section 8)
A4: TC-M05-003 | B4: Module 05 - Internship Management | C4: M05-F01 | D4: Internship Group Creation | E4: Internship Group Creation Fails Due to Unselected Classes | F4: Verify system displays error and prevents creating internship group when no classes are selected. | G4: User is logged in as Staff. Currently on Create New Internship Group interface. | H4: GroupName="Internship Group 2026"; AcademicYear="2026"; Classes=None; StartDate="2026-06-01" | I4: 1. Enter Group Name as "Internship Group 2026"; 2. Select Academic Year as "2026"; 3. Do not select any class checkbox; 4. Select Start Date as "2026-06-01"; 5. Click Save button. | J4: System blocks creation. Validation error message appears: "At least one class must be selected." Group is not created. | K4: System blocks creation. Validation error message appears: "At least one class must be selected." Group is not created. | L4: Passed | N4: High | O4: Related Requirement: M05-F01, Rule 6.1, Validation Rules (Section 8)
A5: TC-M05-004 | B5: Module 05 - Internship Management | C5: M05-F01 | D5: Internship Group Creation | E5: Internship Group Creation Fails Due to Missing Start Date | F5: Verify system displays error and prevents creating internship group when Start Date is empty. | G5: User is logged in as Staff. Currently on Create New Internship Group interface. | H5: GroupName="Internship Group 2026"; AcademicYear="2026"; Classes="PNV26A"; StartDate="" | I5: 1. Enter Group Name as "Internship Group 2026"; 2. Select Academic Year as "2026"; 3. Select class "PNV26A"; 4. Leave Start Date blank; 5. Click Save button. | J5: System blocks creation. Validation error message appears: "Start Date is required." Group is not created. | K5: System blocks creation. Validation error message appears: "Start Date is required." Group is not created. | L5: Passed | N5: High | O5: Related Requirement: M05-F01, Rule 6.1, Validation Rules (Section 8)
A6: TC-M05-005 | B6: Module 05 - Internship Management | C6: M05-F01 | D6: Internship Group Creation | E6: Internship Group Creation Fails Due to Missing Academic Year | F6: Verify system displays error and prevents creating internship group when Academic Year is empty. | G6: User is logged in as Staff. Currently on Create New Internship Group interface. | H6: GroupName="Internship Group 2026"; AcademicYear=""; Classes="PNV26A"; StartDate="2026-06-01" | I6: 1. Enter Group Name as "Internship Group 2026"; 2. Leave Academic Year dropdown unselected/empty; 3. Select class "PNV26A"; 4. Select Start Date as "2026-06-01"; 5. Click Save button. | J6: System blocks creation. Validation error message appears: "Academic Year is required." Group is not created. | K6: System blocks creation. Validation error message appears: "Academic Year is required." Group is not created. | L6: Passed | N6: High | O6: Related Requirement: M05-F01, Rule 6.1, Validation Rules (Section 8)
A7: TC-M05-006 | B7: Module 05 - Internship Management | C7: M05-F01 | D7: Internship Group Creation | E7: Create Internship Group Successfully When Assigning Same Class across Different Academic Years | F7: Verify system allows assigning the same class to another internship group if the academic years are different. | G7: User is logged in as Staff. Class "PNV26A" was assigned to an internship group in academic year 2025. | H7: GroupName="Internship Group 2026"; AcademicYear="2026"; Classes="PNV26A"; StartDate="2026-06-01" | I7: 1. Create new group with Academic Year "2026"; 2. Select class "PNV26A"; 3. Click Save button. | J7: System allows creation successfully without duplicate class error because academic years differ (2025 vs 2026). | K7: System allows creation successfully without duplicate class error because academic years differ (2025 vs 2026). | L7: Passed | N7: Medium | O7: Related Requirement: M05-F01, Rule 6.1
A8: TC-M05-007 | B8: Module 05 - Internship Management | C8: M05-F03 | D8: Partner Company Management | E8: Add New Partner Company with Valid Name | F8: Verify functionality for adding a new partner company with a valid name. | G8: User is logged in as Staff. Currently on Company Management interface. Company "ABC Technology" does not exist in system. | H8: CompanyName="ABC Technology" | I8: 1. Click Add Company button; 2. Enter Company Name as "ABC Technology"; 3. Click Save button. | J8: Company is added successfully. Success notification appears and "ABC Technology" is displayed in company list with status Active. | K8: Company is added successfully. Success notification appears and "ABC Technology" is displayed in company list with status Active. | L8: Passed | N8: High | O8: Related Requirement: M05-F03, Rule 6.3
A9: TC-M05-008 | B9: Module 05 - Internship Management | C9: M05-F03 | D9: Partner Company Management | E9: Add Company Fails Due to Empty Company Name | F9: Verify system displays error and prevents adding company when company name is empty. | G9: User is logged in as Staff. Currently on Add Company dialog. | H9: CompanyName="" | I9: 1. Leave Company Name field empty; 2. Click Save button. | J9: System blocks action. Validation error message appears: "Company Name is required." No new company is saved. | K9: System blocks action. Validation error message appears: "Company Name is required." No new company is saved. | L9: Passed | N9: High | O9: Related Requirement: M05-F03, Rule 6.3, Validation Rules (Section 8)
A10: TC-M05-009 | B10: Module 05 - Internship Management | C10: M05-F03 | D10: Partner Company Management | E10: Add Company Fails Due to Duplicate Name (Case Insensitive) | F10: Verify system detects duplicate company names regardless of uppercase/lowercase letters. | G10: User is logged in as Staff. Company "ABC Technology" already exists in system. | H10: CompanyName="abc technology" | I10: 1. Click Add Company button; 2. Enter Company Name as "abc technology"; 3. Click Save button. | J10: System blocks action. Error message appears: "Company name already exists." Duplicate company is not created. | K10: System blocks action. Error message appears: "Company name already exists." Duplicate company is not created. | L10: Passed | N10: High | O10: Related Requirement: M05-F03, Rule 6.3
A11: TC-M05-010 | B11: Module 05 - Internship Management | C11: M05-F03 | D11: Partner Company Management | E11: Add Company Fails Due to Duplicate Name with Leading/Trailing Whitespace | F11: Verify system trims leading and trailing spaces before checking for duplicate company names. | G11: User is logged in as Staff. Company "ABC Technology" already exists in system. | H11: CompanyName=" ABC Technology " | I11: 1. Click Add Company button; 2. Enter Company Name as " ABC Technology "; 3. Click Save button. | J11: System trims spaces, detects duplicate "ABC Technology", and displays error: "Company name already exists." Save is rejected. | K11: System trims spaces, detects duplicate "ABC Technology", and displays error: "Company name already exists." Save is rejected. | L11: Passed | N11: Medium | O11: Related Requirement: M05-F03, Rule 6.3
A12: TC-M05-011 | B12: Module 05 - Internship Management | C12: M05-F04 | D12: Single Student Internship Assignment | E12: Assign Internship to Individual Student | F12: Verify functionality for assigning an internship company to a single student. | G12: User is logged in as Staff. Currently on Student List in Internship Group. Student "Nguyen Van A" has no assigned company. Company "ABC Technology" exists in system. | H12: StudentName="Nguyen Van A"; AssignedCompany="ABC Technology" | I12: 1. Find student "Nguyen Van A" in list; 2. Click Company assignment dropdown for this student; 3. Select company "ABC Technology"; 4. Click Save button. | J12: Assignment saved successfully. Student "Nguyen Van A" displays company "ABC Technology" in the table list. | K12: Assignment saved successfully. Student "Nguyen Van A" displays company "ABC Technology" in the table list. | L12: Passed | N12: High | O12: Related Requirement: M05-F04, Rule 6.4
A13: TC-M05-012 | B13: Module 05 - Internship Management | C13: M05-F05 | D13: Batch Student Internship Assignment | E13: Batch Assign Internship to Multiple Students | F13: Verify functionality for assigning an internship company to multiple selected students simultaneously. | G13: User is logged in as Staff. Currently on Student List in Internship Group. Students "Nguyen Van A" and "Tran Thi B" have no assigned company. | H13: SelectedStudents=["Nguyen Van A", "Tran Thi B"]; AssignedCompany="ABC Technology" | I13: 1. Check selection boxes for "Nguyen Van A" and "Tran Thi B"; 2. Click Batch Assign Company button; 3. Select company "ABC Technology" in modal dialog; 4. Click Apply and Save. | J13: Batch assignment saved successfully. Both students "Nguyen Van A" and "Tran Thi B" display company "ABC Technology" in the list. | K13: Batch assignment saved successfully. Both students "Nguyen Van A" and "Tran Thi B" display company "ABC Technology" in the list. | L13: Passed | N13: High | O13: Related Requirement: M05-F05, Rule 6.4
... A24: TC-M05-023 | B24: Module 05 - Internship Management | C24: M05-F09 | D24: Feedback Editing | E24: Edit Saved Internship Feedback Team and Date | F24: Verify functionality for editing and saving existing feedback team and date. | G24: User is logged in as Staff. Student "Nguyen Van A" has feedback: Team = "Training", content = "Good progress", date = "2026-08-15". | H24: StudentName="Nguyen Van A"; NewFeedbackTeam="ERO"; | I24: 1. Locate student "Nguyen Van A" and expand feedback list; 2. Change Feedback Team to "ERO"; 3. Click Save button. | J24: Feedback updated successfully. Feedback details update on UI to display new Team "ERO". | K24: Feedback updated successfully. Feedback details update on UI to display new Team "ERO". | L24: Passed | N24: High | O24: Related Requirement: M05-F09, Rule 6.10

Sheet Module 06
A1: ID | B1: Module | C1: Feature ID | D1: Feature Name | E1: Title | F1: Objective | G1: Preconditions | H1: TestData | I1: Steps | J1: ExpectedResult | K1: Evidence | L1: Actual Result | M1: Status | N1: Evidence | O1: Priority | P1: Notes
A2: TC-M06-001 | B2: Module 06 - Bi-Weekly Internship Reports | C2: M06-F01 | D2: Report Creation | E2: Create New Report by Student in Active Internship Group | F2: Verify button visibility and interface opening for creating a new report when student belongs to an active (On-going) internship group. | G2: User is logged in as Student. Student belongs to an internship group with status "On-going". Currently on Student Portal interface. | H2: StudentEmail="student1@student.passerellesnumeriques.org"; GroupStatus="On-going" | I2: 1. Access Student Portal; 2. Click Create Internship Report button; 3. Observe interface. | J2: Create Internship Report button is displayed and clickable. System opens report submission interface with auto-filled student profile info. | L2: Create Internship Report button was displayed. System opened report submission interface with auto-filled student profile info as expected. | M2: Passed | O2: High | P2: Related Requirement: M06-F01, Business Rules 6.1
A3: TC-M06-002 | B3: Module 06 - Bi-Weekly Internship Reports | C3: M06-F01 | D3: Report Creation | E3: Prevent Creating New Report for Student in Completed Internship Group | F3: Verify system hides Create Internship Report button if student belongs to a completed internship group. | G3: User is logged in as Student. Student belongs to an internship group with status "Completed". Currently on Student Portal interface. | H3: StudentEmail="student2@student.passerellesnumeriques.org"; GroupStatus="Completed" | I3: 1. Access Student Portal; 2. Observe interface. | J3: Create Internship Report button is hidden or disabled. Student cannot open report creation interface. | L3: Create Internship Report button was hidden for student in completed group. Student could not open creation interface. | M3: Passed | O3: High | P3: Related Requirement: M06-F01, Business Rules 6.1
A4: TC-M06-003 | B4: Module 06 - Bi-Weekly Internship Reports | C4: M06-F01 | D4: Report Creation | E4: Prevent Creating New Report for Student in Archived Internship Group | F4: Verify system hides Create Internship Report button if student belongs to an archived internship group. | G4: User is logged in as Student. Student belongs to an internship group with status "Archived". Currently on Student Portal interface. | H4: StudentEmail="student3@student.passerellesnumeriques.org"; GroupStatus="Archived" | I4: 1. Access Student Portal; 2. Observe interface. | J4: Create Internship Report button is hidden or disabled. Student cannot open report creation interface. | L4: Create Internship Report button was hidden for student in archived group. Student could not open creation interface. | M4: Passed | O4: High | P4: Related Requirement: M06-F01, Business Rules 6.1
A5: TC-M06-004 | B5: Module 06 - Bi-Weekly Internship Reports | C5: M06-F01 | D5: Report Creation | E5: Prevent Creating New Report from Staff Account | F5: Verify system hides report creation feature from Staff role. | G5: User is logged in as Staff. Currently on Internship Management interface. | H5: StaffEmail="staff@passerellesnumeriques.org" | I5: 1. Access Internship Management interface; 2. Check for report submission options. | J5: Create Internship Report button is not present for Staff account. | L5: Create Internship Report button was not present when logged in with Staff account. | M5: Passed | O5: High | P5: Related Requirement: M06-F01, Business Rules 6.1
A6: TC-M06-005 | B6: Module 06 - Bi-Weekly Internship Reports | C6: M06-F02 | D6: Draft Saving & Editing | E6: Save Temporary Report as Draft | F6: Verify functionality for saving unfinished report as a draft. | G6: User is logged in as Student. Currently on report creation interface. | H6: StartDate="2026-08-03"; Task1="Research documentation" | I6: 1. Enter Start Date as "2026-08-03"; 2. Enter task details; 3. Click Save Draft button. | J6: Report is saved with status Draft. Success message "Draft saved successfully" appears. Data is saved to database without triggering submit validation. | L6: Report was saved with status Draft. Success message "Draft saved successfully" appeared and data was saved without triggering submit validation. | M6: Passed | O6: High | P6: Related Requirement: M06-F02, Business Rules 6.2
A7: TC-M06-006 | B7: Module 06 - Bi-Weekly Internship Reports | C7: M06-F02 | D7: Draft Saving & Editing | E7: Edit Draft Report Unlimited Number of Times | F7: Verify student can reopen and edit draft report multiple times before submitting. | G7: User is logged in as Student. Existing report with status Draft. | H7: UpdatedTask="Updated task documentation" | I7: 1. Open draft report; 2. Update task details; 3. Click Save Draft button; 4. Repeat process multiple times. | J7: Draft report updates successfully every time without restriction. Report status remains Draft. | L7: Draft report updated successfully upon multiple edits without restriction. Report status remained Draft. | M7: Passed | O7: High | P7: Related Requirement: M06-F02, Business Rules 6.2
A8: TC-M06-007 | B8: Module 06 - Bi-Weekly Internship Reports | C8: M06-F02 | D8: Draft Saving & Editing | E8: Draft Report Does Not Send Emails and Is Hidden from Staff | F8: Verify saving a draft does not send email notifications and draft is not visible to Staff. | G8: User is logged in as Student. Draft report saved. | H8: ReportStatus="Draft" | I8: 1. Save report as Draft; 2. Log in as Staff and check student report list; 3. Check email inbox of PNV and Company supervisors. | J8: No email notification is sent. Draft report is hidden from Staff view. | L8: No email notifications were sent upon saving draft, and draft report remained hidden from Staff view. | M8: Passed | O8: High | P8: Related Requirement: M06-F02, Business Rules 6.2
A9: TC-M06-008 | B9: Module 06 - Bi-Weekly Internship Reports | C9: M06-F03 | D9: Automatic Date Calculation | E9: Auto-calculate End Date When Valid Start Date Is Entered | F9: Verify system automatically calculates End Date as Sunday 13 days after Start Date (Monday). | G9: User is logged in as Student. Currently on report creation interface. | H9: StartDate="2026-08-03" (Monday) | I9: 1. Select Start Date as "2026-08-03"; 2. Observe End Date field. | J9: End Date field automatically fills with "2026-08-16" (Sunday, +13 days). End Date field is read-only. | L9: End Date field automatically filled with "2026-08-16" (Sunday, +13 days) and remained read-only. | M9: Passed | O9: High | P9: Related Requirement: M06-F03, Business Rules 6.3
A10: TC-M06-009 | B10: Module 06 - Bi-Weekly Internship Reports | C10: M06-F03 | D10: Automatic Date Calculation | E10: Prevent Submitting Report if Start Date Is Not a Monday | F10: Verify system displays error if selected Start Date is not a Monday. | G10: User is logged in as Student. Currently on report creation interface. | H10: StartDate="2026-08-04" (Tuesday) | I10: 1. Select Start Date as "2026-08-04"; 2. Attempt to save or submit report. | J10: System displays error: "Start Date must be a Monday." Action is blocked. | L10: System displayed validation error "Start Date must be a Monday." and blocked action. | M10: Passed | O10: High | P10: Related Requirement: M06-F03, Business Rules 6.3, Validation Rules (Section 8)
A11: TC-M06-010 | B11: Module 06 - Bi-Weekly Internship Reports | C11: M06-F03 | D11: Automatic Date Calculation | E11: Prevent Submitting Report if Start Date Is Outside Internship Period | F11: Verify system displays error if Start Date is outside group start/end dates. | G11: User is logged in as Student. Group internship period is 2026-06-01 to 2026-08-31. | H11: StartDate="2026-05-25" (Monday before group start) | I11: 1. Select Start Date as "2026-05-25"; 2. Attempt to save or submit report. | J11: System displays error: "Start Date must fall within the internship group period." Action is blocked. | L11: System displayed validation error "Start Date must fall within the internship group period." and blocked action. | M11: Passed | O11: High | P11: Related Requirement: M06-F03, Business Rules 6.3, Validation Rules (Section 8)
A12: TC-M06-011 | B12: Module 06 - Bi-Weekly Internship Reports | C12: M06-F04 | D12: Dynamic Task Table Management | E12: Add and Remove Task Rows in Dynamic Task Table | F12: Verify functionality for adding new task rows and removing task rows in the report form. | G12: User is logged in as Student. Currently on report creation interface. | H12: Task1="Frontend UI"; Task2="Backend API" | I12: 1. Click Add Task Row button; 2. Enter task details in row 2; 3. Click Remove icon on row 2. | J12: Clicking Add Task Row appends a new empty task row. Clicking Remove deletes row 2 cleanly. | L12: Clicking Add Task Row appended a new empty task row. Clicking Remove deleted row cleanly. | M12: Passed | O12: High | P12: Related Requirement: M06-F04, UI Standards
A13: TC-M06-012 | B13: Module 06 - Bi-Weekly Internship Reports | C13: M06-F04 | D13: Dynamic Task Table Management | E13: Prevent Submitting Report when Task List Is Empty | F13: Verify system blocks submission when report has 0 task rows. | G13: User is logged in as Student. Report has all task rows removed. | H13: Tasks=[] | I13: 1. Remove all task rows; 2. Click Submit Report button. | J13: System blocks submission. Validation error message appears: "At least one task is required." | L13: System blocked submission and displayed validation error "At least one task is required." | M13: Passed | O13: High | P13: Related Requirement: M06-F04, Validation Rules (Section 8)
... A32: TC-M06-031 | B32: Module 06 - Bi-Weekly Internship Reports | C32: M06-F09 | D32: Staff Report Viewing | E32: Staff Cannot Edit or Delete Student Report | F32: Verify Staff users cannot modify or delete submitted student reports. | G32: User is logged in as Staff. Viewing submitted student report. | H32: StaffEmail="staff@passerellesnumeriques.org" | I32: 1. Open student submitted report; 2. Check for edit/delete controls. | J32: No edit or delete buttons are available for Staff. Report content is strictly Read-Only. | L32: Edit and delete controls were hidden for Staff role; report content remained strictly Read-Only. | M32: Passed | O32: High | P32: Related Requirement: M06-F09, Business Rules 6.8

Sheet Module 07
A1: ID | B1: Module | C1: Feature ID | D1: Feature Name | E1: Title | F1: Objective | G1: Preconditions | H1: TestData | I1: Steps | J1: ExpectedResult | K1: Actual Result | L1: Status | M1: Evidence | N1: Priority | O1: Notes
A2: TC-M07-001 | B2: Module 07 - Training Materials | C2: M07-F02 | D2: Category Management | E2: Rename Category with a Valid Name | F2: Verify functionality for renaming a category when entering a valid new name. | G2: User is logged in as Staff. Currently on Training Materials Management interface. | H2: OldCategoryName="General"; NewCategoryName="Foundations" | I2: 1. Select Category "General"; 2. Click Rename Category button; 3. Enter new name as "Foundations"; 4. Click Save button. | J2: Category renamed successfully. New category name "Foundations" is updated and displayed on UI. | L2: Not Run | N2: High | O2: Related Requirement: M07-F02, Rule 6.2
A3: TC-M07-002 | B3: Module 07 - Training Materials | C3: M07-F02 | D3: Category Management | E3: Category Rename Fails Due to Empty Name | F3: Verify system displays error and prevents renaming category when new name is empty. | G3: User is logged in as Staff. Currently on Rename Category dialog. | H3: NewCategoryName="" | I3: 1. Leave new Category Name field empty; 2. Click Save button. | J3: System blocks action. Validation error message appears: "Category Name cannot be empty." | L3: Not Run | N3: High | O3: Related Requirement: M07-F02, Validation Rules (Section 8)
A4: TC-M07-003 | B4: Module 07 - Training Materials | C4: M07-F02 | D4: Category Management | E4: Verify Archive and Delete Functions Are Not Supported for Category | F4: Verify system does not support archive or delete operations on categories. | G4: User is logged in as Staff. Viewing Category menu. | H4: CategoryName="Foundations" | I4: 1. Open options menu for Category "Foundations"; 2. Check for Archive or Delete options. | J4: Archive and Delete buttons are not present in Category context menu. | L4: Not Run | N4: Medium | O4: Related Requirement: M07-F02, Business Rules 6.2
A5: TC-M07-004 | B5: Module 07 - Training Materials | C5: M07-F02 | D5: Category Management | E5: Verify Default Categories Exist in System | F5: Verify system contains default fixed categories upon initialization. | G5: User is logged in as Staff. | H5: DefaultCategories=["IT", "English", "Professional Skills"] | I5: 1. Access Training Materials page; 2. Check category sidebar/tabs. | J5: Default categories "IT", "English", and "Professional Skills" are present in system. | L5: Not Run | N5: High | O5: Related Requirement: M07-F02, Business Rules 6.2
A6: TC-M07-005 | B6: Module 07 - Training Materials | C6: M07-F03 | D6: Course Management | E6: Create New Course with Valid Information | F6: Verify functionality for creating a new course within a category. | G6: User is logged in as Staff. Category "IT" exists. | H6: Category="IT"; CourseName="Web Development" | I6: 1. Select Category "IT"; 2. Click Create New Course button; 3. Enter Course Name as "Web Development"; 4. Click Save button. | J6: Course created successfully. New course "Web Development" appears under category "IT". | L6: Not Run | N6: High | O6: Related Requirement: M07-F03, Business Rules 6.3
A7: TC-M07-006 | B7: Module 07 - Training Materials | C7: M07-F03 | D7: Course Management | E7: New Course Creation Fails Due to Empty Name | F7: Verify system displays error when course name is empty. | G7: User is logged in as Staff. | H7: CourseName="" | I7: 1. Leave Course Name field empty; 2. Click Save button. | J7: System blocks action. Validation error appears: "Course Name is required." | L7: Not Run | N7: High | O7: Related Requirement: M07-F03, Validation Rules (Section 8)
A8: TC-M07-007 | B8: Module 07 - Training Materials | C8: M07-F03 | D8: Course Management | E8: Edit Course Name with Valid Information | F8: Verify functionality for updating course name. | G8: User is logged in as Staff. Course "Web Development" exists. | H8: OldCourseName="Web Development"; NewCourseName="Frontend Development" | I8: 1. Select Course "Web Development"; 2. Click Edit Course button; 3. Change name to "Frontend Development"; 4. Click Save button. | J8: Course name updated successfully to "Frontend Development". | L8: Not Run | N8: High | O8: Related Requirement: M07-F03, Business Rules 6.3
A9: TC-M07-008 | B9: Module 07 - Training Materials | C9: M07-F03 | D9: Course Management | E9: Archive Active Course | F9: Verify functionality for archiving an active course. | G9: User is logged in as Staff. Course "Frontend Development" is Active. | H9: CourseName="Frontend Development" | I9: 1. Click Archive button for course "Frontend Development"; 2. Confirm archiving in popup dialog. | J9: Course status changes to Archived. Course is hidden from Active list and moved to Archived tab. | L9: Not Run | N9: High | O9: Related Requirement: M07-F03, Business Rules 6.3
A10: TC-M07-009 | B10: Module 07 - Training Materials | C10: M07-F03 | D10: Course Management | E10: Restore Archived Course | F10: Verify functionality for restoring a previously archived course. | G10: User is logged in as Staff. Course "Frontend Development" is Archived. | H10: CourseName="Frontend Development" | I10: 1. Navigate to Archived Courses tab; 2. Click Restore button for course "Frontend Development"; 3. Confirm restoration. | J10: Course status changes back to Active. Course reappears in active course list. | L10: Not Run | N10: High | O10: Related Requirement: M07-F03, Business Rules 6.3
A11: TC-M07-010 | B11: Module 07 - Training Materials | C11: M07-F03 | D11: Course Management | E11: Verify Permanent Deletion Is Not Supported for Course | F11: Verify system does not provide permanent deletion for courses. | G11: User is logged in as Staff. Viewing course options menu. | H11: CourseName="Frontend Development" | I11: 1. Open course action menu; 2. Check available options. | J11: Permanent Delete button is not present for courses (only Archive is supported). | L11: Not Run | N11: Medium | O11: Related Requirement: M07-F03, Business Rules 6.3
A12: TC-M07-011 | B12: Module 07 - Training Materials | C12: M07-F04 | D12: Session Management | E12: Create New Session with Valid Information | F12: Verify functionality for creating a new learning session inside a course. | G12: User is logged in as Staff. Course "Web Development" exists. | H12: CourseName="Web Development"; SessionName="Session 1: HTML Basics" | I12: 1. Open Course "Web Development"; 2. Click Add Session button; 3. Enter Session Name as "Session 1: HTML Basics"; 4. Click Save button. | J12: Session created successfully. "Session 1: HTML Basics" appears inside course. | L12: Not Run | N12: High | O12: Related Requirement: M07-F04, Business Rules 6.4
A13: TC-M07-012 | B13: Module 07 - Training Materials | C13: M07-F04 | D13: Session Management | E13: New Session Creation Fails Due to Empty Session Name | F13: Verify system displays error when session name is empty. | G13: User is logged in as Staff. | H13: SessionName="" | I13: 1. Leave Session Name field empty; 2. Click Save button. | J13: System blocks action. Validation error appears: "Session Name is required." | L13: Not Run | N13: High | O13: Related Requirement: M07-F04, Validation Rules (Section 8)
... A42: TC-M07-041 | B42: Module 07 - Training Materials | C42: M07-F03 | D42: Course Management | E42: Verify Restoring All Child Sessions/Exams When Course Is Restored | F42: Verify restoring an archived course restores visibility of all nested sessions and exams. | G42: User is logged in as Staff. Course "Web Development" is Archived. | H42: CourseName="Web Development" | I42: 1. Restore course "Web Development"; 2. View active course list. | J42: Course and all child sessions and exams reappear in active view. | L42: Not Run | N42: High | O42: Related Requirement: M07-F03, Business Rules 6.3

Sheet Module 08
A1: ID | B1: Module | C1: Feature ID | D1: Feature Name | E1: Title | F1: Objective | G1: Preconditions | H1: TestData | I1: Steps | J1: ExpectedResult | K1: Actual Result | L1: Status | M1: Evidence | N1: Priority | O1: Notes
A2: TC-M08-001 | B2: Module 08 - Profile Photo Management | C2: M08-F01 | D2: Photo Upload | E2: Upload Valid Profile Photo in JPG Format | F2: Verify functionality for uploading a profile photo in JPG format successfully and updating student details. | G2: User is logged in as Staff. Currently on Student Detail page of a student without profile photo (displaying default avatar). | H2: FileName="photo.jpg"; FileType="image/jpeg"; FileSize="1.5MB" | I2: 1. Click Upload Photo button; 2. Select file "photo.jpg"; 3. Click Save Photo button. | J2: Photo uploaded successfully. Success notification appears and default avatar is replaced by uploaded JPG photo. | L2: Not Run | N2: High | O2: Related Requirement: M08-F01, Business Rules 6.1
A3: TC-M08-002 | B3: Module 08 - Profile Photo Management | C3: M08-F01 | D3: Photo Upload | E3: Upload Valid Profile Photo in PNG Format | F3: Verify functionality for uploading a profile photo in PNG format successfully and updating student details. | G3: User is logged in as Staff. Currently on Student Detail page of a student without profile photo. | H3: FileName="avatar.png"; FileType="image/png"; FileSize="2.0MB" | I3: 1. Click Upload Photo button; 2. Select file "avatar.png"; 3. Click Save Photo button. | J3: Photo uploaded successfully. Default avatar is replaced by uploaded PNG photo. | L3: Not Run | N3: High | O3: Related Requirement: M08-F01, Business Rules 6.1
A4: TC-M08-003 | B4: Module 08 - Profile Photo Management | C4: M08-F01 | D4: Photo Upload | E4: Replace Current Profile Photo | F4: Verify system overwrites existing photo when uploading a new photo for a student. | G4: User is logged in as Staff. Student currently has an existing profile photo. | H4: NewFileName="new_photo.jpg" | I4: 1. Click Change Photo button; 2. Select file "new_photo.jpg"; 3. Click Save Photo button. | J4: New photo overwrites old photo successfully on UI and in storage. | L4: Not Run | N4: High | O4: Related Requirement: M08-F01, Business Rules 6.1
A5: TC-M08-004 | B5: Module 08 - Profile Photo Management | C5: M08-F02 | D5: Photo Deletion | E5: Delete Current Profile Photo (Soft Delete) | F5: Verify functionality for deleting current photo and reverting student profile to default avatar. | G5: User is logged in as Staff. Student has an existing profile photo. | H5: StudentID="ST001" | I5: 1. Click Delete Photo button; 2. Confirm deletion in dialog modal. | J5: Photo reference is cleared and student avatar reverts to default placeholder avatar. | L5: Not Run | N5: High | O5: Related Requirement: M08-F02, Business Rules 6.2
A6: TC-M08-005 | B6: Module 08 - Profile Photo Management | C6: M08-F03 | D6: Default Avatar Display | E6: Display Default Avatar When Student Has No Profile Photo | F6: Verify system renders default fallback avatar for students without profile photos. | G6: User is logged in as Staff or Student. Student profile has no photo URL. | H6: PhotoUrl=None | I6: 1. Open Student Detail page; 2. Observe avatar image element. | J6: Default SVG/PNG placeholder avatar is rendered cleanly without broken image icon. | L6: Not Run | N6: High | O6: Related Requirement: M08-F03, Business Rules 6.3
A7: TC-M08-006 | B7: Module 08 - Profile Photo Management | C7: M08-F04 | D7: Avatar Display Sizing | E7: Verify Profile Photo Rendering Sizes Across Different UI Components | F7: Verify profile photos render with correct circular crop and appropriate dimensions across student list, detail view, and header. | G7: User is logged in as Staff. Student has uploaded profile photo. | H7: StudentID="ST001" | I7: 1. View student photo in Student List table; 2. View student photo on Student Detail page; 3. View student avatar in Student Portal header. | J7: Photo scales properly with object-fit: cover, maintains aspect ratio, and clips cleanly to circle without distorting. | L7: Not Run | N7: Medium | O7: Related Requirement: M08-F04, UI Standards
A8: TC-M08-007 | B8: Module 08 - Profile Photo Management | C8: M08-F01 | D8: Photo Upload | E8: Click Save Photo Without Selecting Image File | F8: Verify system blocks submission when Save is clicked without picking an image file. | G8: User is logged in as Staff. Upload modal open. | H8: SelectedFile=None | I8: 1. Open Upload Photo modal; 2. Click Save Photo button without selecting any file. | J8: System blocks action. Validation error appears: "Please select an image file to upload." | L8: Not Run | N8: High | O8: Related Requirement: M08-F01, Validation Rules (Section 8)
A9: TC-M08-008 | B9: Module 08 - Profile Photo Management | C9: M08-F01 | D9: Photo Upload | E9: Upload Non-image Format File | F9: Verify system rejects non-image files (PDF, DOCX, TXT, EXE). | G9: User is logged in as Staff. | H9: FileName="document.pdf" | I9: 1. Click Upload Photo button; 2. Select file "document.pdf"; 3. Click Save Photo button. | J9: System blocks upload. Validation error appears: "Invalid file format. Only JPG and PNG image files are allowed." | L9: Not Run | N9: High | O9: Related Requirement: M08-F01, Validation Rules (Section 8)
A10: TC-M08-009 | B10: Module 08 - Profile Photo Management | C10: M08-F05 | D10: Google Drive Storage Naming | E10: Verify File Naming Structure on Google Drive Storage | F10: Verify system renames uploaded photo files matching student ID format on Google Drive. | G10: User is logged in as Staff. Student ID is "ST001". | H10: OriginalFile="my_avatar_2026.jpg"; ExpectedStoredFile="ST001.jpg" | I10: 1. Upload photo "my_avatar_2026.jpg" for student ST001; 2. Inspect saved file name in Google Drive directory. | J10: File is saved to Google Drive with standardized filename format "ST001.jpg". | L10: Not Run | N10: Medium | O10: Related Requirement: M08-F05, Business Rules 6.5
A11: TC-M08-010 | B11: Module 08 - Profile Photo Management | C11: M08-F05 | D11: Google Drive Storage Naming | E11: Upload Photo for Student with Special Characters in Original Filename | F11: Verify uploading files with non-ASCII or special characters in filename renames safely during storage. | G11: User is logged in as Staff. Student ID is "ST002". | H11: OriginalFile="avatar_special_char_2026.png"; ExpectedStoredFile="ST002.png" | I11: 1. Select file with Unicode filename "avatar_special_char_2026.png"; 2. Click Save Photo button. | J11: File uploads cleanly and renames to "ST002.png" without encoding errors. | L11: Not Run | N11: Medium | O11: Related Requirement: M08-F05, Business Rules 6.5
A12: TC-M08-011 | B12: Module 08 - Profile Photo Management | C12: M08-F05 | D12: Google Drive Storage Naming | E12: Verify File Permissions on Google Drive Storage | F12: Verify uploaded photo files on Google Drive are configured with public read permission for rendering. | G12: Photo uploaded to Google Drive. | H12: FileId="1A2B3C" | I12: 1. Upload photo for student; 2. Verify direct view URL accessibility. | J12: Image URL resolves and renders image in web browser without authentication wall. | L12: Not Run | N12: High | O12: Related Requirement: M08-F05, Business Rules 6.5
A13: TC-M08-012 | B13: Module 08 - Profile Photo Management | C13: M08-F01 | D13: Photo Upload | E13: Upload Oversized Image File Exceeding Maximum Limit | F13: Verify system blocks uploading files exceeding file size limit (e.g., > 5MB). | G13: User is logged in as Staff. | H13: FileName="large_photo.jpg"; FileSize="12MB" | I13: 1. Select oversized file "large_photo.jpg" (12MB); 2. Click Save Photo button. | J13: System blocks upload. Validation error appears: "File size exceeds maximum limit of 5MB." | L13: Not Run | N13: High | O13: Related Requirement: M08-F01, Validation Rules (Section 8)
... A21: TC-M08-020 | B21: Module 08 - Profile Photo Management | C21: M08-F08 | D21: Feature Scope Verification | E21: Verify Image Editing and Cropping Features Are Not Present | F21: Verify profile photo management upload directly stores selected file without client-side image cropping tools. | G21: User is logged in as Staff. Uploading photo. | H21: FileName="photo.jpg" | I21: 1. Select image file in upload modal; 2. Observe upload workflow. | J21: File uploads directly without displaying cropping modal, maintaining simple out-of-scope workflow. | L21: Not Run | N21: Low | O21: Related Requirement: M08-F08, Out of Scope (Section 12)

Sheet Module 09
A1: ID | B1: Module | C1: Feature ID | D1: Feature Name | E1: Title | F1: Objective | G1: Preconditions | H1: TestData | I1: Steps | J1: ExpectedResult | K1: Actual Result | L1: Status | M1: Evidence | N1: Priority | O1: Notes
A2: TC-M09-001 | B2: Module 09 - Student Portal | C2: M09-F01 | D2: Role-based Auto-login | E2: Log In with a Valid Student Account | F2: Verify student with email belonging to @student.passerellesnumeriques.org domain logs in successfully to Student Portal via Google OAuth. | G2: User is not logged into system. Browser is connected to internet and supports Google OAuth. | H2: Email="nam.nguyen26@student.passerellesnumeriques.org" | I2: 1. Access Academic Portal login page; 2. Click "Sign in with Google" button; 3. Select account nam.nguyen26@student.passerellesnumeriques.org and authorize. | J2: Login successful. System recognizes student role and redirects directly to Student Portal interface showing student's academic records. | L2: Not Run | N2: High | O2: Related Requirement: M09-F01, Business Rules 6.1
A3: TC-M09-002 | B3: Module 09 - Student Portal | C3: M09-F01 | D3: Role-based Auto-login | E3: Log In with an Organization Staff Account | F3: Verify Staff account logging in via Google OAuth is automatically recognized and redirected to Staff Portal instead of Student Portal. | G3: User is not logged into system. | H3: Email="staff.manager@passerellesnumeriques.org" | I3: 1. Access Academic Portal login page; 2. Click "Sign in with Google" button; 3. Select Staff account staff.manager@passerellesnumeriques.org and authorize. | J3: Login successful. System recognizes Staff role and redirects user to Staff Portal interface instead of Student Portal. | L3: Not Run | N3: High | O3: Related Requirement: M09-F01, Business Rules 6.1
A4: TC-M09-003 | B4: Module 09 - Student Portal | C4: M09-F01 | D4: Role-based Auto-login | E4: Log In with an External Personal Account | F4: Verify system blocks access when user attempts to log in with an external personal email domain. | G4: User is not logged into system. | H4: Email="user.test@gmail.com" | I4: 1. Access Academic Portal login page; 2. Click "Sign in with Google" button; 3. Select personal email user.test@gmail.com. | J4: System blocks login. Error message appears: "Access denied. Please use your organizational email (@passerellesnumeriques.org or @student.passerellesnumeriques.org)." | L4: Not Run | N4: High | O4: Related Requirement: M09-F01, Error Handling 8.1
A5: TC-M09-004 | B5: Module 09 - Student Portal | C5: M09-F01 | D5: Role-based Auto-login | E5: Log In with Valid Student Email but Without Academic Records in System | F5: Verify system handles student authentication when email domain is valid but student profile is missing from database. | G5: User has valid student email domain, but student profile record does not exist in database. | H5: Email="newstudent@student.passerellesnumeriques.org" | I5: 1. Log in via Google OAuth with newstudent@student.passerellesnumeriques.org. | J5: System authenticates but displays notice: "No academic records found for your account. Please contact Academic Staff." | L5: Not Run | N5: Medium | O5: Related Requirement: M09-F01, Error Handling 8.2
A6: TC-M09-005 | B6: Module 09 - Student Portal | C6: M09-F02 | D6: Semester Navigation | E6: Switch Between Semesters (Semester Selector) | F6: Verify student can switch between semesters using dropdown menu and view corresponding subject grades and GPA. | G6: Student is logged into Student Portal. Academic record contains data for Semester 1 and Semester 2. | H6: Student Email="nam.nguyen26@student.passerellesnumeriques.org"; Selected Semester="Semester 2" | I6: 1. Observe default selected semester (latest semester); 2. Click Semester Selector dropdown menu; 3. Select "Semester 2". | J6: Interface re-renders smoothly. Grade table and GPA stats update instantly to display Semester 2 academic data. | L6: Not Run | N6: High | O6: Related Requirement: M09-F02, Business Rules 6.2
A7: TC-M09-006 | B7: Module 09 - Student Portal | C7: M09-F03 | D7: Subject Categorization | E7: Verify Subject Categorization by Category (Subject Categories) | F7: Verify subjects on Student Portal are grouped into correct categories (IT, English, Professional Skills). | G7: Student is logged into Student Portal. Student has enrolled subjects across multiple categories. | H7: Categories=["IT", "English", "Professional Skills"] | I7: 1. Navigate to Grade Report tab on Student Portal; 2. Observe layout of subject table. | J7: Subjects are grouped clearly under Category header sections (IT, English, Professional Skills). | L7: Not Run | N7: High | O7: Related Requirement: M09-F03, Business Rules 6.3
A8: TC-M09-007 | B8: Module 09 - Student Portal | C8: M09-F04 | D8: Read-only View Enforcement | E8: Verify Read-Only Nature of Student Portal | F8: Verify Student Portal is strictly Read-Only and provides no edit controls for grades or attendance. | G8: Student is logged into Student Portal. | H8: Role="Student" | I8: 1. Browse all sections of Student Portal (Grades, Attendance, Profile, Materials); 2. Check for any edit, save, or input fields. | J8: All academic data displays in Read-Only mode. No input fields or save buttons are present. | L8: Not Run | N8: High | O8: Related Requirement: M09-F04, Business Rules 6.4
A9: TC-M09-008 | B9: Module 09 - Student Portal | C9: M09-F05 | D9: Grade Representation & Placeholders | E9: Display Unentered Grades (Empty Grades) | F9: Verify system displays hyphen placeholder "-" when a grade component has not been entered yet. | G9: Student is logged into Student Portal. Final Exam grade for subject "Web Dev" has not been entered by Staff. | H9: Subject="Web Dev"; GradeComponent="Final Exam" | I9: 1. View grade details for subject "Web Dev"; 2. Check cell display for Final Exam grade. | J9: Cell displays "-" placeholder instead of 0 or blank, indicating grade is pending. | L9: Not Run | N9: Medium | O9: Related Requirement: M09-F05, Business Rules 6.5
A10: TC-M09-009 | B10: Module 09 - Student Portal | C10: M09-F06 | D10: Grade Color Coding | E10: Color Code Final Grade (/10) for Excellent Grade (>= 8.0) | F10: Verify final subject grade >= 8.0 displays in Green badge styling. | G10: Student is logged into Student Portal. | H10: Subject="Algorithms"; FinalGrade=8.5 | I10: 1. Locate subject "Algorithms" with final grade 8.5; 2. Inspect badge color. | J10: Grade 8.5 displays in Green badge styling (#137333 / light green fill). | L10: Not Run | N10: High | O10: Related Requirement: M09-F06, Color Rules 5.1
A11: TC-M09-010 | B11: Module 09 - Student Portal | C11: M09-F06 | D11: Grade Color Coding | E11: Color Code Final Grade (/10) for Good/Average Grade (5.5 - 7.9) | F11: Verify final subject grade between 5.5 and 7.9 displays in Orange/Yellow badge styling. | G11: Student is logged into Student Portal. | H11: Subject="Database"; FinalGrade=6.5 | I11: 1. Locate subject "Database" with final grade 6.5; 2. Inspect badge color. | J11: Grade 6.5 displays in Orange/Yellow badge styling (#B06000 / light yellow fill). | L11: Not Run | N11: High | O11: Related Requirement: M09-F06, Color Rules 5.1
A12: TC-M09-011 | B12: Module 09 - Student Portal | C12: M09-F06 | D12: Grade Color Coding | E12: Color Code Final Grade (/10) for Failing Grade (< 5.5) | F12: Verify final subject grade < 5.5 displays in Red badge styling. | G12: Student is logged into Student Portal. | H12: Subject="English 1"; FinalGrade=4.0 | I12: 1. Locate subject "English 1" with final grade 4.0; 2. Inspect badge color. | J12: Grade 4.0 displays in Red badge styling (#A50E0E / light red fill). | L12: Not Run | N12: High | O12: Related Requirement: M09-F06, Color Rules 5.1
A13: TC-M09-012 | B13: Module 09 - Student Portal | C13: M09-F06 | D13: Grade Color Coding | E13: Color Code GPA (/4) for Excellent GPA (>= 3.5) | F13: Verify semester GPA >= 3.5 displays in Green highlight styling. | G13: Student is logged into Student Portal. | H13: GPA=3.65 | I13: 1. View GPA Summary card on Student Portal; 2. Inspect GPA badge color. | J13: GPA 3.65 displays with Green text/background styling. | L13: Not Run | N13: High | O13: Related Requirement: M09-F06, Color Rules 5.2
... A24: TC-M09-023 | B24: Module 09 - Student Portal | C24: M09-F02 | D24: Semester Navigation | E24: Verify Validation of Invalid Semester Parameter (Semester Validation) | F24: Verify system handles invalid or non-existent semester parameters in URL gracefully. | G24: Student is logged into Student Portal. | H24: InvalidSemesterParam="semester=999" | I24: 1. Navigate to Student Portal URL with parameter semester=999. | J24: System defaults to current active semester without crashing or throwing unhandled exception. | L24: Not Run | N24: Medium | O24: Related Requirement: M09-F02, Error Handling 8.3
