Workbook

Sheet Report
A1: Module 03 - Feature & Priority Summary Report
A2: Summary of test cases per feature, calculated via Excel formulas
A4: Total Features | B4: Total Test Cases | C4: High Priority Features | D4: Medium Priority Features | E4: Low Priority Features
A5: =COUNTA(A9:A16) | B5: =F17 | C5: =COUNTIF(C9:C16, ">0") | D5: =COUNTIFS(C9:C16, 0, D9:D16, ">0") | E5: =COUNTIFS(C9:C16, 0, D9:D16, 0, E9:E16, ">0")
A7: Feature Categorization & Priority Breakdown
A8: Feature ID | B8: Feature Name | C8: High Priority | D8: Medium Priority | E8: Low Priority | F8: Total TCs
A9: M03-F01 | B9: Course / Subject Creation | C9: =COUNTIFS('Module03'!$C$2:$C$23, A9, 'Module03'!$M$2:$M$23, "High") | D9: =COUNTIFS('Module03'!$C$2:$C$23, A9, 'Module03'!$M$2:$M$23, "Medium") | E9: =COUNTIFS('Module03'!$C$2:$C$23, A9, 'Module03'!$M$2:$M$23, "Low") | F9: =SUM(C9:E9)
A10: M03-F02 | B10: Grade Entry Structure | C10: =COUNTIFS('Module03'!$C$2:$C$23, A10, 'Module03'!$M$2:$M$23, "High") | D10: =COUNTIFS('Module03'!$C$2:$C$23, A10, 'Module03'!$M$2:$M$23, "Medium") | E10: =COUNTIFS('Module03'!$C$2:$C$23, A10, 'Module03'!$M$2:$M$23, "Low") | F10: =SUM(C10:E10)
A11: M03-F03 | B11: Automatic TBKT Calculation | C11: =COUNTIFS('Module03'!$C$2:$C$23, A11, 'Module03'!$M$2:$M$23, "High") | D11: =COUNTIFS('Module03'!$C$2:$C$23, A11, 'Module03'!$M$2:$M$23, "Medium") | E11: =COUNTIFS('Module03'!$C$2:$C$23, A11, 'Module03'!$M$2:$M$23, "Low") | F11: =SUM(C11:E11)
A12: M03-F04 | B12: Grade Upload via CSV | C12: =COUNTIFS('Module03'!$C$2:$C$23, A12, 'Module03'!$M$2:$M$23, "High") | D12: =COUNTIFS('Module03'!$C$2:$C$23, A12, 'Module03'!$M$2:$M$23, "Medium") | E12: =COUNTIFS('Module03'!$C$2:$C$23, A12, 'Module03'!$M$2:$M$23, "Low") | F12: =SUM(C12:E12)
A13: M03-F07 | B13: Manual GPA & Letter Grade Entry | C13: =COUNTIFS('Module03'!$C$2:$C$23, A13, 'Module03'!$M$2:$M$23, "High") | D13: =COUNTIFS('Module03'!$C$2:$C$23, A13, 'Module03'!$M$2:$M$23, "Medium") | E13: =COUNTIFS('Module03'!$C$2:$C$23, A13, 'Module03'!$M$2:$M$23, "Low") | F13: =SUM(C13:E13)
A14: M03-F05 | B14: Subject Deletion | C14: =COUNTIFS('Module03'!$C$2:$C$23, A14, 'Module03'!$M$2:$M$23, "High") | D14: =COUNTIFS('Module03'!$C$2:$C$23, A14, 'Module03'!$M$2:$M$23, "Medium") | E14: =COUNTIFS('Module03'!$C$2:$C$23, A14, 'Module03'!$M$2:$M$23, "Low") | F14: =SUM(C14:E14)
A15: M03-F06 | B15: PDF Transcript Export | C15: =COUNTIFS('Module03'!$C$2:$C$23, A15, 'Module03'!$M$2:$M$23, "High") | D15: =COUNTIFS('Module03'!$C$2:$C$23, A15, 'Module03'!$M$2:$M$23, "Medium") | E15: =COUNTIFS('Module03'!$C$2:$C$23, A15, 'Module03'!$M$2:$M$23, "Low") | F15: =SUM(C15:E15)
A16: M03-SEC | B16: Access Control & Security | C16: =COUNTIFS('Module03'!$C$2:$C$23, A16, 'Module03'!$M$2:$M$23, "High") | D16: =COUNTIFS('Module03'!$C$2:$C$23, A16, 'Module03'!$M$2:$M$23, "Medium") | E16: =COUNTIFS('Module03'!$C$2:$C$23, A16, 'Module03'!$M$2:$M$23, "Low") | F16: =SUM(C16:E16)
A17: Total | B17: =COUNTA(A9:A16)&" Features" | C17: =SUM(C9:C16) | D17: =SUM(D9:D16) | E17: =SUM(E9:E16) | F17: =SUM(F9:F16)

Sheet Module03
A1: ID | B1: Module | C1: Feature ID | D1: Feature Name | E1: Title | F1: Objective | G1: Preconditions | H1: TestData | I1: Steps | J1: ExpectedResult | K1: Actual Result | L1: Status | M1: Priority | N1: Notes
A2: TC-M03-001 | B2: Module 03 | C2: M03-F01 | D2: Course / Subject Creation | E2: Create New Subject Manually | F2: Verify that staff can create a new subject manually by choosing a batch and semester. | G2: Staff user is logged in. Batch PNV26A and Semester 1 exist. | H2: SubjectName=Programming; Batch=PNV26A; Semester=Semester 1 | I2: 1. Navigate to Academic Management; 2. Click Create Subject; 3. Enter subject name 'Programming'; 4. Select Batch 'PNV26A' and Semester 'Semester 1'; 5. Click Save | J2: Subject is created successfully. Success notification appears. 'Programming' belongs to PNV26A, Semester 1 in subject list. | L2: Not Run | M2: High | N2: Related Requirement: M03-F01
A3: TC-M03-002 | B3: Module 03 | C3: M03-F01 | D3: Course / Subject Creation | E3: Bulk Subject Creation via Valid CSV | F3: Verify that staff can create multiple subjects simultaneously by importing a valid CSV file. | G3: Staff user is logged in. Batch PNV26A and Semester 1 exist. | H3: CSV containing: SubjectName, Batch, Semester columns with 'Programming,PNV26A,Semester 1' and 'English,PNV26A,Semester 1' | I3: 1. Navigate to Academic Management; 2. Click Import Subjects via CSV; 3. Select valid CSV file; 4. Click Import | J3: Subjects are imported successfully. Message displays 'Imported 2 subjects'. Programming and English appear in subject list. | L3: Not Run | M3: High | N3: Related Requirement: M03-F01
A4: TC-M03-003 | B4: Module 03 | C4: M03-F01 | D4: Course / Subject Creation | E4: Create Subject Fails due to Empty Subject Name | F4: Verify that the system blocks subject creation and warns if the subject name is empty. | G4: Staff user is logged in. | H4: SubjectName=Empty; Batch=PNV26A; Semester=Semester 1 | I4: 1. Navigate to Academic Management; 2. Click Create Subject; 3. Leave Subject Name blank; 4. Select Batch PNV26A and Semester 1; 5. Click Save | J4: Saving is blocked. Error message 'Subject Name is required' displays. Name field is highlighted in red. | L4: Not Run | M4: High | N4: Related Requirement: M03-F01, Validation Rules
A5: TC-M03-004 | B5: Module 03 | C5: M03-F02 | D5: Grade Entry Structure | E5: Single Student Grade Entry | F5: Verify that staff can input periodic and regular test grades for a specific student in a subject. | G5: Programming subject of batch PNV26A exists. Student ST001 belongs to batch PNV26A. | H5: StudentID=ST001; Subject=Programming; KT_TX=7.5; DK1=8.0 | I5: 1. Open Academic Management and select subject 'Programming'; 2. Find student ST001 in grade list; 3. Click KT TX cell and enter '7.5'; 4. Click DK1 cell and enter '8.0'; 5. Click Save | J5: Grades are saved successfully. Success message displays. '7.5' and '8.0' appear on ST001's grade row. | L5: Not Run | M5: High | N5: Related Requirement: M03-F02
A6: TC-M03-005 | B6: Module 03 | C6: M03-F03 | D6: Automatic TBKT Calculation | E6: Auto TBKT Calculation and Exam Eligibility (TBKT >= 5.0) | F6: Verify that the system automatically calculates average grade (TBKT) based on weighted formula and grants exam eligibility (Eligible = YES) if TBKT >= 5.0. | G6: Programming subject has 1 periodic test weight. Student ST001 has grades. | H6: KT_TX=7.0; DK1=8.0 | I6: 1. Select subject 'Programming'; 2. Input KT_TX=7.0 and DK1=8.0 for ST001; 3. Click Save; 4. Observe TBKT column and Eligible status for ST001 | J6: TBKT is calculated as 7.67 (formula: (7.0*1 + 8.0*2)/3 = 7.67). Exam eligibility displays 'YES'. | L6: Not Run | M6: High | N6: Related Requirement: M03-F03
A7: TC-M03-006 | B7: Module 03 | C7: M03-F03 | D7: Automatic TBKT Calculation | E7: Auto TBKT Calculation and Exam Ineligibility (TBKT < 5.0) | F7: Verify that the system automatically calculates TBKT and blocks exam eligibility (Eligible = NO) if TBKT < 5.0. | G7: Programming subject has 1 periodic test weight. Student ST002 has grades. | H7: KT_TX=3.0; DK1=5.0 | I7: 1. Select subject 'Programming'; 2. Input KT_TX=3.0 and DK1=5.0 for ST002; 3. Click Save; 4. Observe TBKT column and Eligible status for ST002 | J7: TBKT is calculated as 4.33 (formula: (3.0*1 + 5.0*2)/3 = 4.33). Exam eligibility displays 'NO'. | L7: Not Run | M7: High | N7: Related Requirement: M03-F03
A8: TC-M03-007 | B8: Module 03 | C8: M03-F03 | D8: Automatic TBKT Calculation | E8: Block Final Exam Grade Entry When Ineligible (TBKT < 5.0) | F8: Verify that final exam grade input is disabled and blocked for students with status Eligible = NO. | G8: Student ST002 has TBKT = 4.33 (Eligible = NO) in Programming. | H8: TCK=6.0 | I8: 1. Open Programming grade list; 2. Locate final exam grade (TCK) cell for ST002; 3. Try clicking or typing '6.0' in the TCK cell; 4. Observe the UI | J8: The TCK cell for ST002 is disabled (read-only). Hovering displays 'Not eligible for final exam'. Any backend save attempt returns validation error. | L8: Not Run | M8: High | N8: Related Requirement: M03-F03, Business Rules 7.4
A9: TC-M03-008 | B9: Module 03 | C9: M03-F03 | D9: Automatic TBKT Calculation | E9: Allow Final Exam Grade Entry When Eligible (TBKT >= 5.0) | F9: Verify that final exam grade input is enabled and saved successfully for students with status Eligible = YES. | G9: Student ST001 has TBKT = 7.67 (Eligible = YES) in Programming. | H9: TCK=8.5 | I9: 1. Open Programming grade list; 2. Locate final exam grade (TCK) cell for ST001; 3. Click the cell and enter '8.5'; 4. Click Save | J9: Grade input behaves normally. Final exam grade '8.5' is saved successfully in database and displayed in UI. | L9: Not Run | M9: High | N9: Related Requirement: M03-F03, Business Rules 7.4
A10: TC-M03-009 | B10: Module 03 | C10: M03-F03 | D10: Automatic TBKT Calculation | E10: Input Retake Exam Grade for Student | F10: Verify that staff can enter a retake exam grade (TLCK) manually and optionally for a student. | G10: Student ST001 has a final exam grade (TCK) recorded. | H10: TLCK=7.0 | I10: 1. Open Programming grade list; 2. Click the retake exam grade (TLCK) cell for ST001; 3. Enter '7.0' and click Save | J10: Retake grade is recorded successfully and displayed in student's grade row. Other grades remain intact. | L10: Not Run | M10: High | N10: Related Requirement: M03-F03, Business Rules 7.2
A11: TC-M03-010 | B11: Module 03 | C11: M03-F04 | D11: Grade Upload via CSV | E11: Bulk Grade Upload via CSV (Overwrite Mode) | F11: Verify that CSV grade import overwrites all existing grades of students in the subject with the new values. | G11: Subject English has existing grades for ST001 (KT_TX=5.0) and ST002 (KT_TX=6.0). | H11: CSV containing: StudentID, KT_TX, DK1. Rows: 'ST001,8.0,9.0' and 'ST002,7.5,8.0' | I11: 1. Select subject 'English'; 2. Click Upload Grades via CSV; 3. Select new CSV file and confirm upload; 4. Observe grade list | J11: Upload succeeds. Grades for ST001 update to KT_TX=8.0, DK1=9.0 (TBKT=8.67), and ST002 update to KT_TX=7.5, DK1=8.0 (TBKT=7.83). Old grades are overwritten. | L11: Not Run | M11: High | N11: Related Requirement: M03-F04, Business Rules 7.5
A12: TC-M03-011 | B12: Module 03 | C12: M03-F04 | D12: Grade Upload via CSV | E12: CSV Grade Upload with Blank Cells Clears Existing Grades | F12: Verify that blank cells in CSV file are interpreted as NULL/Empty and clear corresponding old grades. | G12: Student ST001 has grades (KT_TX=8.0, DK1=9.0). | H12: CSV row: ST001,,9.0 (empty KT_TX value between commas) | I12: 1. Select subject, click Upload Grades via CSV; 2. Select CSV containing empty KT_TX for ST001; 3. Confirm import | J12: Grade list is updated. Regular test grade (KT_TX) for ST001 (previously 8.0) is cleared/empty. DK1 remains 9.0. | L12: Not Run | M12: High | N12: Related Requirement: M03-F04, CSV Import Rules 8
A13: TC-M03-012 | B13: Module 03 | C13: M03-F04 | D13: Grade Upload via CSV | E13: CSV Grade Upload Fails due to Missing StudentID Column | F13: Verify that CSV grade import rejects files missing the StudentID column and does not modify any data. | G13: Staff user is logged in. | H13: CSV with KT_TX, DK1, TCK columns (no StudentID column) | I13: 1. Select subject, click Upload Grades via CSV; 2. Select CSV missing StudentID column and upload; 3. Observe error message | J13: System rejects the CSV file and displays error: 'Missing required column StudentID'. No grades are modified. | L13: Not Run | M13: High | N13: Related Requirement: M03-F04, Error Handling 10
... A23: TC-M03-022 | B23: Module 03 | C23: M03-F03 | D23: Automatic TBKT Calculation | E23: TBKT Calculation Independence with Varying Periodic Test Counts (n) | F23: Verify that TBKT formula calculates correctly for subjects with different numbers of periodic tests (n from 1 to 6). | G23: Subject A has 1 periodic test (DK1); Subject B has 3 periodic tests (DK1, DK2, DK3). | H23: Subject A: KT_TX=6.0; DK1=7.0. Subject B: KT_TX=6.0; DK1=7.0; DK2=8.0; DK3=9.0. | I23: 1. Under Subject A, enter KT_TX=6.0 and DK1=7.0 for ST001, save; 2. Under Subject B, enter KT_TX=6.0, DK1=7.0, DK2=8.0, DK3=9.0 for ST001, save; 3. Compare TBKT scores for ST001 | J23: Subject A TBKT is 6.67 (formula: (6.0*1 + 7.0*2)/3 = 6.67). Subject B TBKT is 7.71 (formula: (6.0*1 + 7.0*2 + 8.0*2 + 9.0*2)/7 = 7.71). Both are calculated independently and correctly. | L23: Not Run | M23: High | N23: Related Requirement: TBKT Calculation Formula
