Workbook

Sheet Report
A1: Module 04 - Feature & Priority Summary Report
A2: Summary of test cases per feature, calculated via Excel formulas
A4: Total Features | B4: Total Test Cases | C4: High Priority Features | D4: Medium Priority Features | E4: Low Priority Features
A5: =COUNTA(A9:A17) | B5: =F18 | C5: =COUNTIF(C9:C17, ">0") | D5: =COUNTIFS(C9:C17, 0, D9:D17, ">0") | E5: =COUNTIFS(C9:C17, 0, D9:D17, 0, E9:E17, ">0")
A7: Feature Categorization & Priority Breakdown
A8: Feature ID | B8: Feature Name | C8: High Priority | D8: Medium Priority | E8: Low Priority | F8: Total TCs
A9: M04-F01 | B9: Council Feedback Record | C9: =COUNTIFS('Module04'!$C$2:$C$24, A9, 'Module04'!$M$2:$M$24, "High") | D9: =COUNTIFS('Module04'!$C$2:$C$24, A9, 'Module04'!$M$2:$M$24, "Medium") | E9: =COUNTIFS('Module04'!$C$2:$C$24, A9, 'Module04'!$M$2:$M$24, "Low") | F9: =SUM(C9:E9)
A10: M04-F02 | B10: Academic Warning Flag | C10: =COUNTIFS('Module04'!$C$2:$C$24, A10, 'Module04'!$M$2:$M$24, "High") | D10: =COUNTIFS('Module04'!$C$2:$C$24, A10, 'Module04'!$M$2:$M$24, "Medium") | E10: =COUNTIFS('Module04'!$C$2:$C$24, A10, 'Module04'!$M$2:$M$24, "Low") | F10: =SUM(C10:E10)
A11: M04-F03 | B11: Duplicate Record Prevention | C11: =COUNTIFS('Module04'!$C$2:$C$24, A11, 'Module04'!$M$2:$M$24, "High") | D11: =COUNTIFS('Module04'!$C$2:$C$24, A11, 'Module04'!$M$2:$M$24, "Medium") | E11: =COUNTIFS('Module04'!$C$2:$C$24, A11, 'Module04'!$M$2:$M$24, "Low") | F11: =SUM(C11:E11)
A12: M04-F04 | B12: Auto Draft Saving | C12: =COUNTIFS('Module04'!$C$2:$C$24, A12, 'Module04'!$M$2:$M$24, "High") | D12: =COUNTIFS('Module04'!$C$2:$C$24, A12, 'Module04'!$M$2:$M$24, "Medium") | E12: =COUNTIFS('Module04'!$C$2:$C$24, A12, 'Module04'!$M$2:$M$24, "Low") | F12: =SUM(C12:E12)
A13: M04-F05 | B13: Draft Recovery / Discard | C13: =COUNTIFS('Module04'!$C$2:$C$24, A13, 'Module04'!$M$2:$M$24, "High") | D13: =COUNTIFS('Module04'!$C$2:$C$24, A13, 'Module04'!$M$2:$M$24, "Medium") | E13: =COUNTIFS('Module04'!$C$2:$C$24, A13, 'Module04'!$M$2:$M$24, "Low") | F13: =SUM(C13:E13)
A14: M04-F06 | B14: Batch Feedback Entry | C14: =COUNTIFS('Module04'!$C$2:$C$24, A14, 'Module04'!$M$2:$M$24, "High") | D14: =COUNTIFS('Module04'!$C$2:$C$24, A14, 'Module04'!$M$2:$M$24, "Medium") | E14: =COUNTIFS('Module04'!$C$2:$C$24, A14, 'Module04'!$M$2:$M$24, "Low") | F14: =SUM(C14:E14)
A15: M04-F07 | B15: Concurrent Edit Conflict Handling | C15: =COUNTIFS('Module04'!$C$2:$C$24, A15, 'Module04'!$M$2:$M$24, "High") | D15: =COUNTIFS('Module04'!$C$2:$C$24, A15, 'Module04'!$M$2:$M$24, "Medium") | E15: =COUNTIFS('Module04'!$C$2:$C$24, A15, 'Module04'!$M$2:$M$24, "Low") | F15: =SUM(C15:E15)
A16: M04-F08 | B16: PDF Report Export | C16: =COUNTIFS('Module04'!$C$2:$C$24, A16, 'Module04'!$M$2:$M$24, "High") | D16: =COUNTIFS('Module04'!$C$2:$C$24, A16, 'Module04'!$M$2:$M$24, "Medium") | E16: =COUNTIFS('Module04'!$C$2:$C$24, A16, 'Module04'!$M$2:$M$24, "Low") | F16: =SUM(C16:E16)
A17: M04-SEC | B17: Access Control & Security | C17: =COUNTIFS('Module04'!$C$2:$C$24, A17, 'Module04'!$M$2:$M$24, "High") | D17: =COUNTIFS('Module04'!$C$2:$C$24, A17, 'Module04'!$M$2:$M$24, "Medium") | E17: =COUNTIFS('Module04'!$C$2:$C$24, A17, 'Module04'!$M$2:$M$24, "Low") | F17: =SUM(C17:E17)
A18: Total | B18: =COUNTA(A9:A17)&" Features" | C18: =SUM(C9:C17) | D18: =SUM(D9:D17) | E18: =SUM(E9:E17) | F18: =SUM(F9:F17)

Sheet Module04
A1: ID | B1: Module | C1: Feature ID | D1: Feature Name | E1: Title | F1: Objective | G1: Preconditions | H1: TestData | I1: Steps | J1: ExpectedResult | K1: Actual Result | L1: Status | M1: Priority | N1: Notes
A2: TC-M04-001 | B2: Module 04 | C2: M04-F01 | D2: Council Feedback Record | E2: Record Council Feedback Successful | F2: Verify that staff can successfully record a Class Council record with comments from all departments. | G2: Staff user is logged in. Student ST001 and Semester 1 exist. No council record exists for ST001 in Semester 1. | H2: Student=ST001; Semester=Semester 1; GeneralComment=Strong learning attitude; ITComment=Excellent coding skills; EnglishComment=Fluent communicator; PLTComment=Highly cooperative; EducatorComment=Good behavior | I2: 1. Navigate to Class Council Management; 2. Click Create Council Record; 3. Select Student ST001 and Semester 'Semester 1'; 4. Enter General Comment 'Strong learning attitude'; 5. Enter IT Comment 'Excellent coding skills'; 6. Enter English Comment 'Fluent communicator'; 7. Enter PLT Comment 'Highly cooperative'; 8. Enter Educator Comment 'Good behavior'; 9. Click Save | J2: The record is saved successfully. A success message appears. The student's record is displayed in the list with all comments. | L2: Not Run | M2: High | N2: Related Requirement: M04-F01
A3: TC-M04-002 | B3: Module 04 | C3: M04-F01 | D3: Council Feedback Record | E3: Record Council Feedback with Empty Optional Fields | F3: Verify that saving a completely empty council feedback record is allowed without validation errors. | G3: Staff user is logged in. Student ST002 and Semester 1 exist. No record exists for ST002 in Semester 1. | H3: Student=ST002; Semester=Semester 1; AllComments=Empty; Warning=False; WarningReason=Empty | I3: 1. Navigate to Class Council Management; 2. Click Create Council Record; 3. Select Student ST002 and Semester 'Semester 1'; 4. Leave all comment fields empty; 5. Ensure Warning is unchecked and Warning Reason is blank; 6. Click Save | J3: The record is saved successfully. No validation errors occur. No badges appear on the list for student ST002. | L3: Not Run | M3: High | N3: Related Requirement: M04-F01, Optional Fields 6.2
A4: TC-M04-003 | B4: Module 04 | C4: M04-F02 | D4: Academic Warning Flag | E4: Set Academic Warning Flag and Warning Reason | F4: Verify that staff can set an academic warning flag and input a warning reason. | G4: Staff user is logged in. Student ST001 and Semester 1 exist. | H4: Student=ST001; Semester=Semester 1; Warning=True; WarningReason=Attendance below required level | I4: 1. Open the council record for ST001 in Semester 1; 2. Check the 'Academic Warning' checkbox; 3. Enter Warning Reason: 'Attendance below required level'; 4. Click Save | J4: The record is saved successfully. The warning badge (⚠) appears next to the student's name in the list. | L4: Not Run | M4: High | N4: Related Requirement: M04-F02, Academic Warning 6.3
A5: TC-M04-004 | B5: Module 04 | C5: M04-F02 | D5: Academic Warning Flag | E5: Set Academic Warning Flag with Empty Warning Reason | F5: Verify that warning reason is optional and saving warning flag without a reason is allowed. | G5: Staff user is logged in. | H5: Student=ST001; Semester=Semester 1; Warning=True; WarningReason=Empty | I5: 1. Open the council record for ST001 in Semester 1; 2. Check the 'Academic Warning' checkbox; 3. Leave 'Warning Reason' empty; 4. Click Save | J5: The record is saved successfully. No validation errors occur. The warning badge (⚠) is displayed on the student list. | L5: Not Run | M5: High | N5: Related Requirement: M04-F02, Optional Fields 6.2, Validation Rules 7
A6: TC-M04-005 | B6: Module 04 | C6: M04-F03 | D6: Duplicate Record Prevention | E6: Block Duplicate Council Record for Same Student and Semester | F6: Verify that the system blocks creating a second Class Council record for the same student in the same semester. | G6: Staff user is logged in. A Class Council record already exists for ST001 in Semester 1. | H6: Student=ST001; Semester=Semester 1 | I6: 1. Open Create Council Record; 2. Select Student ST001 and Semester 'Semester 1'; 3. Enter any comment and click Save | J6: The system rejects saving and displays error: 'Duplicate record error'. No duplicate record is created. | L6: Not Run | M6: High | N6: Related Requirement: M04-F03, One Record per Student per Semester 6.1
A7: TC-M04-006 | B7: Module 04 | C7: M04-F04 | D7: Auto Draft Saving | E7: Verify Automatic Draft Saving in Browser Local Storage | F7: Verify that the system automatically saves typed comments into local storage in the background. | G7: Staff user is logged in. Bi-directional sync/save has not been initiated. | H7: Student=ST003; Semester=Semester 1; ITComment=Draft comment for IT department | I7: 1. Open the council record for ST003 in Semester 1; 2. Type IT Comment 'Draft comment for IT department'; 3. Do NOT click Save; 4. Open Developer Tools -> Application -> Local Storage | J7: The text 'Draft comment for IT department' is saved automatically to browser Local Storage under a key representing ST003/Semester 1 as typing occurs. | L7: Not Run | M7: High | N7: Related Requirement: M04-F04, Automatic Draft Saving 6.5
A8: TC-M04-007 | B8: Module 04 | C8: M04-F05 | D8: Draft Recovery / Discard | E8: Recover Unsaved Draft after Unexpected Browser Closure | F8: Verify that the system detects unsaved local drafts and displays a prompt to restore them. | G8: Unsaved draft for ST003 with ITComment='Draft comment for IT department' exists in Local Storage. Sheets database does not have this comment. | H8: Student=ST003; Semester=Semester 1 | I8: 1. Close browser and reopen it (simulating crash); 2. Navigate back to the council record for ST003 in Semester 1; 3. Verify prompt; 4. Select 'Continue editing' | J8: An 'Unsaved Draft' warning/prompt is shown. Selecting 'Continue editing' restores the draft text 'Draft comment for IT department' to the IT Comment text box. | L8: Not Run | M8: High | N8: Related Requirement: M04-F05, Draft Recovery 6.6
A9: TC-M04-008 | B9: Module 04 | C9: M04-F05 | D9: Draft Recovery / Discard | E9: Discard Unsaved Draft to Restore Last Saved Data | F9: Verify that choosing to discard an unsaved draft removes it and restores the last saved data from database. | G9: Official database record for ST003 has ITComment='Good student'. Unsaved draft in Local Storage has ITComment='Draft edit'. | H9: Student=ST003; Semester=Semester 1 | I9: 1. Open council record for ST003 in Semester 1; 2. When 'Unsaved Draft' prompt appears, select 'Discard draft'; 3. Check the IT Comment text box | J9: Local Storage draft is cleared. The IT Comment reverts to the database value 'Good student'. Draft edits are discarded. | L9: Not Run | M9: High | N9: Related Requirement: M04-F05, Draft Recovery 6.6
A10: TC-M04-009 | B10: Module 04 | C10: M04-F06 | D10: Batch Feedback Entry | E10: Batch Feedback Entry by Comment Type | F10: Verify that staff can enter the same feedback type for multiple students simultaneously in batch mode. | G10: Staff user is logged in. Students ST001, ST002, and ST003 exist in Batch PNV26A. | H10: Batch=PNV26A; Semester=Semester 1; FeedbackType=IT Comment; Comments='Active performance in programming project' for ST001, ST002, and ST003 | I10: 1. Open Batch Feedback page; 2. Select Batch PNV26A, Semester 'Semester 1', and Feedback Type 'IT Comment'; 3. In the grid, type 'Active performance in programming project' for ST001, ST002, and ST003; 4. Click Save All | J10: All three records are saved successfully. Success message 'Saved 3 students' is shown. Selected students have the new IT comment. | L10: Not Run | M10: High | N10: Related Requirement: M04-F06, Batch Feedback 6.7
A11: TC-M04-010 | B11: Module 04 | C11: M04-F06 | D11: Batch Feedback Entry | E11: Batch Feedback Entry Does Not Overwrite Other Comment Fields | F11: Verify that entering batch feedback for one field does not erase other existing comment fields for that student. | G11: Student ST001 has existing ITComment='Excellent coding' and EnglishComment='Good speaking'. | H11: FeedbackType=English Comment; NewEnglishComment='Excellent communication' | I11: 1. Open Batch Feedback page; 2. Select Feedback Type 'English Comment'; 3. Input 'Excellent communication' for ST001 and click Save; 4. Navigate to ST001's council record details | J11: English Comment is updated to 'Excellent communication'. The existing IT Comment is preserved as 'Excellent coding' (not cleared). | L11: Not Run | M11: High | N11: Related Requirement: M04-F06, Batch Feedback 6.7
A12: TC-M04-011 | B12: Module 04 | C12: M04-F07 | D12: Concurrent Edit Conflict Handling | E12: Three-Way Merge for Non-conflicting Concurrent Edits | F12: Verify that concurrent edits on different fields of the same record are merged successfully using 3-way merge. | G12: Teacher A and Teacher B are logged in. The database record for ST001 has GeneralComment='Good student', other fields are empty. | H12: ST001 record in Semester 1; Teacher B saves ITComment='Excellent'; Teacher A saves EnglishComment='Fluent' | I12: 1. Teacher A opens ST001 council edit form; 2. Teacher B opens ST001 council edit form; 3. Teacher B updates IT Comment to 'Excellent' and clicks Save first; 4. Teacher A updates English Comment to 'Fluent' (IT Comment remains empty on their screen) and clicks Save | J12: Save succeeds. The final record on Sheets is merged: GeneralComment='Good student', ITComment='Excellent', and EnglishComment='Fluent'. Teacher A receives notification of updates by another teacher. | L12: Not Run | M12: High | N12: Related Requirement: M04-F07, Concurrent Editing 6.8
A13: TC-M04-012 | B13: Module 04 | C13: M04-F07 | D13: Concurrent Edit Conflict Handling | E13: Flag Conflict on Concurrent Edits of Same Field | F13: Verify that concurrent edits on the same field block the second user from overwriting first user's saved data and flag a conflict. | G13: Teacher A and Teacher B are logged in. ST001 has ITComment='Good'. | H13: ST001 record in Semester 1; Teacher B saves ITComment='Excellent'; Teacher A saves ITComment='Very Good' | I13: 1. Teacher A opens ST001 edit form; 2. Teacher B opens ST001 edit form; 3. Teacher B changes IT Comment to 'Excellent' and clicks Save; 4. Teacher A changes IT Comment to 'Very Good' and clicks Save after Teacher B | J13: Teacher A's save is blocked or triggers a conflict. An error 'Saved, but these fields were updated by another teacher: IT Comment' is shown. Teacher B's value 'Excellent' is preserved in database. | L13: Not Run | M13: High | N13: Related Requirement: M04-F07, Concurrent Editing 6.8
... A24: TC-M04-023 | B24: Module 04 | C24: M04-F06 | D24: Batch Feedback Entry | E24: Batch Feedback Entry with Empty Student List | F24: Verify that batch feedback entry behaves gracefully when the selected batch has no active students. | G24: Batch PNV26B is active but has no active students. | H24: Batch=PNV26B; Semester=Semester 1; FeedbackType=IT Comment | I24: 1. Open Batch Feedback page; 2. Select Batch PNV26B, Semester 'Semester 1', and Feedback Type 'IT Comment'; 3. Verify student list; 4. Click Save All | J24: The student grid is empty or shows 'No students in this batch'. Clicking Save All shows 'Saved 0 students' successfully with no crashes or errors. | L24: Not Run | M24: Medium | N24: Related Requirement: M04-F06
