Workbook

Sheet Report
A1: Module 01 - Feature & Priority Summary Report
A2: Summary of test cases per feature, calculated via Excel formulas
A4: Total Features | B4: Total Test Cases | C4: High Priority Features | D4: Medium Priority Features | E4: Low Priority Features
A5: =COUNTA(A9:A19) | B5: =F20 | C5: =COUNTIF(C9:C19, ">0") | D5: =COUNTIFS(C9:C19, 0, D9:D19, ">0") | E5: =COUNTIFS(C9:C19, 0, D9:D19, 0, E9:E19, ">0")
A7: Feature Categorization & Priority Breakdown
A8: Feature ID | B8: Feature Name | C8: High Priority | D8: Medium Priority | E8: Low Priority | F8: Total TCs
A9: M01-F01 | B9: Batch Creation | C9: =COUNTIFS('Module01'!$C$2:$C$40, A9, 'Module01'!$M$2:$M$40, "High") | D9: =COUNTIFS('Module01'!$C$2:$C$40, A9, 'Module01'!$M$2:$M$40, "Medium") | E9: =COUNTIFS('Module01'!$C$2:$C$40, A9, 'Module01'!$M$2:$M$40, "Low") | F9: =SUM(C9:E9)
A10: M01-F02 | B10: Batch Editing | C10: =COUNTIFS('Module01'!$C$2:$C$40, A10, 'Module01'!$M$2:$M$40, "High") | D10: =COUNTIFS('Module01'!$C$2:$C$40, A10, 'Module01'!$M$2:$M$40, "Medium") | E10: =COUNTIFS('Module01'!$C$2:$C$40, A10, 'Module01'!$M$2:$M$40, "Low") | F10: =SUM(C10:E10)
A11: M01-F03 | B11: Batch Archiving | C11: =COUNTIFS('Module01'!$C$2:$C$40, A11, 'Module01'!$M$2:$M$40, "High") | D11: =COUNTIFS('Module01'!$C$2:$C$40, A11, 'Module01'!$M$2:$M$40, "Medium") | E11: =COUNTIFS('Module01'!$C$2:$C$40, A11, 'Module01'!$M$2:$M$40, "Low") | F11: =SUM(C11:E11)
A12: M01-F04 | B12: Single Student Creation | C12: =COUNTIFS('Module01'!$C$2:$C$40, A12, 'Module01'!$M$2:$M$40, "High") | D12: =COUNTIFS('Module01'!$C$2:$C$40, A12, 'Module01'!$M$2:$M$40, "Medium") | E12: =COUNTIFS('Module01'!$C$2:$C$40, A12, 'Module01'!$M$2:$M$40, "Low") | F12: =SUM(C12:E12)
A13: M01-F05 | B13: Bulk Student Import | C13: =COUNTIFS('Module01'!$C$2:$C$40, A13, 'Module01'!$M$2:$M$40, "High") | D13: =COUNTIFS('Module01'!$C$2:$C$40, A13, 'Module01'!$M$2:$M$40, "Medium") | E13: =COUNTIFS('Module01'!$C$2:$C$40, A13, 'Module01'!$M$2:$M$40, "Low") | F13: =SUM(C13:E13)
A14: M01-F06 | B14: Student Editing | C14: =COUNTIFS('Module01'!$C$2:$C$40, A14, 'Module01'!$M$2:$M$40, "High") | D14: =COUNTIFS('Module01'!$C$2:$C$40, A14, 'Module01'!$M$2:$M$40, "Medium") | E14: =COUNTIFS('Module01'!$C$2:$C$40, A14, 'Module01'!$M$2:$M$40, "Low") | F14: =SUM(C14:E14)
A15: M01-F07 | B15: Follow-up Flag | C15: =COUNTIFS('Module01'!$C$2:$C$40, A15, 'Module01'!$M$2:$M$40, "High") | D15: =COUNTIFS('Module01'!$C$2:$C$40, A15, 'Module01'!$M$2:$M$40, "Medium") | E15: =COUNTIFS('Module01'!$C$2:$C$40, A15, 'Module01'!$M$2:$M$40, "Low") | F15: =SUM(C15:E15)
A16: M01-F08 | B16: Student Status Management | C16: =COUNTIFS('Module01'!$C$2:$C$40, A16, 'Module01'!$M$2:$M$40, "High") | D16: =COUNTIFS('Module01'!$C$2:$C$40, A16, 'Module01'!$M$2:$M$40, "Medium") | E16: =COUNTIFS('Module01'!$C$2:$C$40, A16, 'Module01'!$M$2:$M$40, "Low") | F16: =SUM(C16:E16)
A17: M01-F09 | B17: Search & Filter | C17: =COUNTIFS('Module01'!$C$2:$C$40, A17, 'Module01'!$M$2:$M$40, "High") | D17: =COUNTIFS('Module01'!$C$2:$C$40, A17, 'Module01'!$M$2:$M$40, "Medium") | E17: =COUNTIFS('Module01'!$C$2:$C$40, A17, 'Module01'!$M$2:$M$40, "Low") | F17: =SUM(C17:E17)
A18: M01-F10 | B18: Dashboard Overview | C18: =COUNTIFS('Module01'!$C$2:$C$40, A18, 'Module01'!$M$2:$M$40, "High") | D18: =COUNTIFS('Module01'!$C$2:$C$40, A18, 'Module01'!$M$2:$M$40, "Medium") | E18: =COUNTIFS('Module01'!$C$2:$C$40, A18, 'Module01'!$M$2:$M$40, "Low") | F18: =SUM(C18:E18)
A19: M01-SEC | B19: Access Control & Security | C19: =COUNTIFS('Module01'!$C$2:$C$40, A19, 'Module01'!$M$2:$M$40, "High") | D19: =COUNTIFS('Module01'!$C$2:$C$40, A19, 'Module01'!$M$2:$M$40, "Medium") | E19: =COUNTIFS('Module01'!$C$2:$C$40, A19, 'Module01'!$M$2:$M$40, "Low") | F19: =SUM(C19:E19)
A20: Total | B20: =COUNTA(A9:A19)&" Features" | C20: =SUM(C9:C19) | D20: =SUM(D9:D19) | E20: =SUM(E9:E19) | F20: =SUM(F9:F19)

Sheet Module01
A1: ID | B1: Module | C1: Feature ID | D1: Feature Name | E1: Title | F1: Objective | G1: Preconditions | H1: TestData | I1: Steps | J1: ExpectedResult | K1: Actual Result | L1: Status | M1: Priority | N1: Notes
A2: TC-M01-001 | B2: Module 01 | C2: M01-F01 | D2: Batch Creation | E2: Create Batch with Valid Name | F2: Verify that a batch can be created using a valid batch name matching the format PNVyyX (e.g. PNV26A). | G2: Staff user is logged in. | H2: BatchName=PNV26A; Status=Active | I2: 1. Open Batch Management; 2. Click Create Batch; 3. Enter PNV26A as Batch Name; 4. Select Active status; 5. Click Save | J2: Batch is created successfully. Success notification appears. PNV26A is displayed in the batch list. | L2: Not Run | M2: High | N2: Related Requirement: M01-F01, Scenario: BS-01
A3: TC-M01-002 | B3: Module 01 | C3: M01-F01 | D3: Batch Creation | E3: Create Batch with Invalid Name Format - Lowercase Letter | F3: Verify that the system rejects batch creation if the alphabet code is in lowercase (e.g. PNV26a). | G3: Staff user is logged in. | H3: BatchName=PNV26a; Status=Active | I3: 1. Open Batch Management; 2. Click Create Batch; 3. Enter PNV26a as Batch Name; 4. Click Save | J3: System rejects creation. Error message appears: "Invalid batch name. Use format PNVyyX (e.g., PNV26A)." | L3: Not Run | M3: High | N3: Related Requirement: M01-F01, Scenario: BS-01
A4: TC-M01-003 | B4: Module 01 | C4: M01-F01 | D4: Batch Creation | E4: Create Batch with Invalid Name Format - Wrong Prefix | F4: Verify that the system rejects batch creation if the prefix is not PNV (e.g. ABC26A). | G4: Staff user is logged in. | H4: BatchName=ABC26A; Status=Active | I4: 1. Open Batch Management; 2. Click Create Batch; 3. Enter ABC26A as Batch Name; 4. Click Save | J4: System rejects creation. Error message appears: "Invalid batch name. Use format PNVyyX (e.g., PNV26A)." | L4: Not Run | M4: High | N4: Related Requirement: M01-F01, Scenario: BS-01
A5: TC-M01-004 | B5: Module 01 | C5: M01-F01 | D5: Batch Creation | E5: Create Batch with Invalid Name Format - 4-digit Year | F5: Verify that the system rejects batch creation if the year is written in 4 digits (e.g. PNV2026A). | G5: Staff user is logged in. | H5: BatchName=PNV2026A; Status=Active | I5: 1. Open Batch Management; 2. Click Create Batch; 3. Enter PNV2026A as Batch Name; 4. Click Save | J5: System rejects creation. Error message appears: "Invalid batch name. Use format PNVyyX (e.g., PNV26A)." | L5: Not Run | M5: High | N5: Related Requirement: M01-F01, Scenario: BS-01
A6: TC-M01-005 | B6: Module 01 | C6: M01-F01 | D6: Batch Creation | E6: Create Batch with Invalid Name Format - Multiple Letters | F6: Verify that the system rejects batch creation if there are multiple suffix letters (e.g. PNV26AA). | G6: Staff user is logged in. | H6: BatchName=PNV26AA; Status=Active | I6: 1. Open Batch Management; 2. Click Create Batch; 3. Enter PNV26AA as Batch Name; 4. Click Save | J6: System rejects creation. Error message appears: "Invalid batch name. Use format PNVyyX (e.g., PNV26A)." | L6: Not Run | M6: High | N6: Related Requirement: M01-F01, Scenario: BS-01
A7: TC-M01-006 | B7: Module 01 | C7: M01-F01 | D7: Batch Creation | E7: Create Batch with Empty Name | F7: Verify that a batch cannot be saved with an empty name. | G7: Staff user is logged in. | H7: BatchName=; Status=Active | I7: 1. Open Batch Management; 2. Click Create Batch; 3. Leave Batch Name empty; 4. Click Save | J7: System rejects save. Error message appears indicating batch name is required. Saving is blocked. | L7: Not Run | M7: High | N7: Related Requirement: M01-F01, Scenario: BS-01
A8: TC-M01-007 | B8: Module 01 | C8: M01-F01 | D8: Batch Creation | E8: Create Batch with Duplicate Name | F8: Verify that the system rejects batch creation if the name already exists (case-insensitive). | G8: Staff user is logged in. Batch PNV26A already exists. | H8: BatchName=pnv26a; Status=Active | I8: 1. Open Batch Management; 2. Click Create Batch; 3. Enter pnv26a (lowercase) as Batch Name; 4. Click Save | J8: System rejects creation. Error message appears: "A batch named "PNV26A" already exists." | L8: Not Run | M8: High | N8: Related Requirement: M01-F01, Scenario: BS-01
A9: TC-M01-008 | B9: Module 01 | C9: M01-F02 | D9: Batch Editing | E9: Rename Batch with Valid Unique Name | F9: Verify that an existing batch can be successfully renamed to a new valid unique name. | G9: Staff user is logged in. Batch PNV26A exists. | H9: OldBatchName=PNV26A; NewBatchName=PNV26C | I9: 1. Open Batch Management; 2. Select batch PNV26A and click Edit; 3. Change name to PNV26C; 4. Click Save | J9: Batch is renamed successfully. Success notification appears. PNV26C is displayed in the batch list. | L9: Not Run | M9: High | N9: Related Requirement: M01-F02, Scenario: BS-02
A10: TC-M01-009 | B10: Module 01 | C10: M01-F02 | D10: Batch Editing | E10: Rename Batch to Existing Name Blocked | F10: Verify that renaming a batch to a name that already exists is blocked by the system. | G10: Staff user is logged in. Batches PNV26A and PNV26B exist. | H10: TargetBatch=PNV26B; NewBatchName=PNV26A | I10: 1. Open Batch Management; 2. Select batch PNV26B and click Edit; 3. Change name to PNV26A; 4. Click Save | J10: System rejects update. Error message appears: "A batch named "PNV26A" already exists." | L10: Not Run | M10: High | N10: Related Requirement: M01-F02, Scenario: BS-02
A11: TC-M01-010 | B11: Module 01 | C11: M01-F02 | D11: Batch Editing | E11: Rename Batch to Invalid Format Blocked | F11: Verify that renaming a batch to an invalid format is blocked by the system. | G11: Staff user is logged in. Batch PNV26A exists. | H11: TargetBatch=PNV26A; NewBatchName=PNV26AA | I11: 1. Open Batch Management; 2. Select batch PNV26A and click Edit; 3. Change name to PNV26AA; 4. Click Save | J11: System rejects update. Error message appears: "Invalid batch name. Use format PNVyyX (e.g., PNV26A)." | L11: Not Run | M11: High | N11: Related Requirement: M01-F02, Scenario: BS-02
A12: TC-M01-011 | B12: Module 01 | C12: M01-F03 | D12: Batch Archiving | E12: Archive Active Batch | F12: Verify that an active batch can be archived by setting its Active status to false. | G12: Staff user is logged in. Batch PNV26A is active. | H12: BatchName=PNV26A; ActiveStatus=false | I12: 1. Open Batch Management; 2. Select batch PNV26A and click Archive (or edit and uncheck Active); 3. Confirm archive action | J12: Batch is archived successfully. Active status becomes false in database. The batch is hidden from active lists. | L12: Not Run | M12: High | N12: Related Requirement: M01-F03, Scenario: BS-03
A13: TC-M01-012 | B13: Module 01 | C13: M01-F03 | D13: Batch Archiving | E13: Reactivate Archived Batch | F13: Verify that an archived batch can be reactivated by setting its Active status to true. | G13: Staff user is logged in. Batch PNV26A is archived (Active = false). | H13: BatchName=PNV26A; ActiveStatus=true | I13: 1. Open Batch Management; 2. Filter by Archived batches; 3. Select batch PNV26A and click Reactivate; 4. Confirm reactivate action | J13: Batch is reactivated successfully. Active status becomes true in database. The batch appears in active lists. | L13: Not Run | M13: High | N13: Related Requirement: M01-F03, Scenario: BS-03
... A40: TC-M01-039 | B40: Module 01 | C40: M01-F05 | D40: Bulk Student Import | E40: CSV Student Import Blocked due to Duplicate Student Code in Another Batch | F40: Verify that CSV student import rejects student codes that are already in use in other batches. | G40: Student ST001 exists in batch PNV26A. Batch PNV26B has no students. | H40: CSV file for batch PNV26B containing row: ST001,Le Van C,2006-08-20,Male,levanc.st26@student.passerellesnumeriques.org | I40: 1. Go to CSV Import page for batch PNV26B; 2. Upload CSV containing student ST001; 3. Click Import | J40: The system rejects the import and displays error message "Duplicate student code: ST001.". No students are added. | L40: Not Run | M40: High | N40: Related Requirement: M01-F05, Student Code Uniqueness
