Workbook

Sheet Report
A1: Module 02 - Feature & Priority Summary Report
A2: Summary of test cases per feature, calculated via Excel formulas
A4: Total Features | B4: Total Test Cases | C4: High Priority Features | D4: Medium Priority Features | E4: Low Priority Features
A5: =COUNTA(A9:A19) -> 11 | B5: =F20 -> 25 | C5: =COUNTIF(C9:C19, ">0") -> 8 | D5: =COUNTIFS(C9:C19, 0, D9:D19, ">0") -> 3 | E5: =COUNTIFS(C9:C19, 0, D9:D19, 0, E9:E19, ">0") -> 0
A7: Feature Categorization & Priority Breakdown
A8: Feature ID | B8: Feature Name | C8: High Priority | D8: Medium Priority | E8: Low Priority | F8: Total TCs
A9: M02-F01 | B9: Single Observation Entry | C9: =COUNTIFS(Module02!$C$2:$C$26, A9, Module02!$N$2:$N$26, "High") -> 3 | D9: =COUNTIFS(Module02!$C$2:$C$26, A9, Module02!$N$2:$N$26, "Medium") -> 0 | E9: =COUNTIFS(Module02!$C$2:$C$26, A9, Module02!$N$2:$N$26, "Low") -> 0 | F9: =SUM(C9:E9) -> 3
A10: M02-F02 | B10: Auto Rating Suggestion | C10: =COUNTIFS(Module02!$C$2:$C$26, A10, Module02!$N$2:$N$26, "High") -> 2 | D10: =COUNTIFS(Module02!$C$2:$C$26, A10, Module02!$N$2:$N$26, "Medium") -> 2 | E10: =COUNTIFS(Module02!$C$2:$C$26, A10, Module02!$N$2:$N$26, "Low") -> 0 | F10: =SUM(C10:E10) -> 4
A11: M02-F03 | B11: Batch Entry – All Subjects | C11: =COUNTIFS(Module02!$C$2:$C$26, A11, Module02!$N$2:$N$26, "High") -> 2 | D11: =COUNTIFS(Module02!$C$2:$C$26, A11, Module02!$N$2:$N$26, "Medium") -> 0 | E11: =COUNTIFS(Module02!$C$2:$C$26, A11, Module02!$N$2:$N$26, "Low") -> 0 | F11: =SUM(C11:E11) -> 2
A12: M02-F04 | B12: Batch Entry – By Subject | C12: =COUNTIFS(Module02!$C$2:$C$26, A12, Module02!$N$2:$N$26, "High") -> 2 | D12: =COUNTIFS(Module02!$C$2:$C$26, A12, Module02!$N$2:$N$26, "Medium") -> 0 | E12: =COUNTIFS(Module02!$C$2:$C$26, A12, Module02!$N$2:$N$26, "Low") -> 0 | F12: =SUM(C12:E12) -> 2
A13: M02-F05 | B13: Observation Editing | C13: =COUNTIFS(Module02!$C$2:$C$26, A13, Module02!$N$2:$N$26, "High") -> 2 | D13: =COUNTIFS(Module02!$C$2:$C$26, A13, Module02!$N$2:$N$26, "Medium") -> 0 | E13: =COUNTIFS(Module02!$C$2:$C$26, A13, Module02!$N$2:$N$26, "Low") -> 0 | F13: =SUM(C13:E13) -> 2
A14: M02-F06 | B14: Duplicate Detection & Merge | C14: =COUNTIFS(Module02!$C$2:$C$26, A14, Module02!$N$2:$N$26, "High") -> 2 | D14: =COUNTIFS(Module02!$C$2:$C$26, A14, Module02!$N$2:$N$26, "Medium") -> 0 | E14: =COUNTIFS(Module02!$C$2:$C$26, A14, Module02!$N$2:$N$26, "Low") -> 0 | F14: =SUM(C14:E14) -> 2
A15: M02-F07 | B15: Session Management | C15: =COUNTIFS(Module02!$C$2:$C$26, A15, Module02!$N$2:$N$26, "High") -> 3 | D15: =COUNTIFS(Module02!$C$2:$C$26, A15, Module02!$N$2:$N$26, "Medium") -> 1 | E15: =COUNTIFS(Module02!$C$2:$C$26, A15, Module02!$N$2:$N$26, "Low") -> 0 | F15: =SUM(C15:E15) -> 4
A16: M02-F08 | B16: Session Progress | C16: =COUNTIFS(Module02!$C$2:$C$26, A16, Module02!$N$2:$N$26, "High") -> 0 | D16: =COUNTIFS(Module02!$C$2:$C$26, A16, Module02!$N$2:$N$26, "Medium") -> 1 | E16: =COUNTIFS(Module02!$C$2:$C$26, A16, Module02!$N$2:$N$26, "Low") -> 0 | F16: =SUM(C16:E16) -> 1
A17: M02-F10 | B17: Search, Filter & Sorting | C17: =COUNTIFS(Module02!$C$2:$C$26, A17, Module02!$N$2:$N$26, "High") -> 0 | D17: =COUNTIFS(Module02!$C$2:$C$26, A17, Module02!$N$2:$N$26, "Medium") -> 2 | E17: =COUNTIFS(Module02!$C$2:$C$26, A17, Module02!$N$2:$N$26, "Low") -> 0 | F17: =SUM(C17:E17) -> 2
A18: M02-F11 | B18: Dashboard Overview | C18: =COUNTIFS(Module02!$C$2:$C$26, A18, Module02!$N$2:$N$26, "High") -> 0 | D18: =COUNTIFS(Module02!$C$2:$C$26, A18, Module02!$N$2:$N$26, "Medium") -> 2 | E18: =COUNTIFS(Module02!$C$2:$C$26, A18, Module02!$N$2:$N$26, "Low") -> 0 | F18: =SUM(C18:E18) -> 2
A19: M02-SEC | B19: Access Control & Security | C19: =COUNTIFS(Module02!$C$2:$C$26, A19, Module02!$N$2:$N$26, "High") -> 1 | D19: =COUNTIFS(Module02!$C$2:$C$26, A19, Module02!$N$2:$N$26, "Medium") -> 0 | E19: =COUNTIFS(Module02!$C$2:$C$26, A19, Module02!$N$2:$N$26, "Low") -> 0 | F19: =SUM(C19:E19) -> 1
A20: Total | B20: =COUNTA(A9:A19)&" Features" -> 11 Features | C20: =SUM(C9:C19) -> 17 | D20: =SUM(D9:D19) -> 8 | E20: =SUM(E9:E19) -> 0 | F20: =SUM(F9:F19) -> 25

Sheet Module02
A1: ID | B1: Module | C1: Feature ID | D1: Feature Name | E1: Title | F1: Objective | G1: Preconditions | H1: TestData | I1: Steps | J1: ExpectedResult | K1: Actual Result | L1: Status | M1: Evidence | N1: Priority | O1: Notes
A2: TC-M02-001 | B2: Module 02 | C2: M02-F01 | D2: Single Observation Entry | E2: Record Single Student Observation with Valid Ratings | F2: Verify that staff can record observations for a single student across all four subjects with valid ratings (G, S, NI). | G2: Staff user is logged in. Batch PNV26A and student ST001 exist. | H2: Student=ST001; Date=2026-07-17; IT_Rating=G; IT_Notes=Excellent coding skills; PLT_Rating=S; PLT_Notes=Active participation; English_Rating=NI; English_Notes=Needs vocabulary practice; DA_Rating=S; DA_Notes=Good design sense | I2: 1. Open Scan Management; 2. Select Batch PNV26A and Student ST001; 3. Select Observation Date: 17/07/2026; 4. For IT, select rating G and enter notes 'Excellent coding skills'; 5. For PLT, select rating S and enter notes 'Active participation'; 6. For English, select rating NI and enter notes 'Needs vocabulary practice'; 7. For DA, select rating S and enter notes 'Good design sense'; 8. Click Save | J2: Observation is saved successfully. A success message appears. The student's record is displayed in the list with correct ratings and notes. | K2: Observation is saved successfully. A success message appears. The student's record is displayed in the list with correct ratings and notes. | L2: Passed | N2: High | O2: Related Requirement: M02-F01, Scenario: SC-01
A3: TC-M02-002 | B3: Module 02 | C3: M02-F01 | D3: Single Observation Entry | E3: Record Single Student Observation with Empty Ratings | F3: Verify that staff can record observations with ratings set to '-' (Not Yet Assessed) and notes empty. | G3: Staff user is logged in. Batch PNV26A and student ST001 exist. | H3: Student=ST001; Date=2026-07-17; Ratings='-'; Notes='' | I3: 1. Open Scan Management; 2. Select Batch PNV26A and Student ST001; 3. Select Observation Date: 17/07/2026; 4. Leave all subject ratings as '-' and notes empty; 5. Click Save | J3: Observation is saved successfully. The ratings are stored as empty/unassessed in the database. No validation error occurs. | K3: Observation is saved successfully. The ratings are stored as empty/unassessed in the database. No validation error occurs. | L3: Passed | N3: High | O3: Related Requirement: M02-F01, Scenario: SC-01
A4: TC-M02-003 | B4: Module 02 | C4: M02-F02 | D4: Auto Rating Suggestion | E4: Auto Rating Suggestion Triggered After Typing Notes | F4: Verify that the system suggests a performance rating (G, S, or NI) approximately 400ms after user stops typing notes. | G4: Staff user is logged in. | H4: Subject=IT; Notes='The student solved all problems quickly and helped other classmates.' | I4: 1. Open observation entry for IT; 2. Start typing the notes: 'The student solved all problems quickly and helped other classmates.'; 3. Stop typing and wait for 400 milliseconds; 4. Observe the rating selector | J4: An auto-rating suggestion (G/excellent) is automatically selected or suggested adjacent to the rating field after 400ms of inactivity. | K4: An auto-rating suggestion (G/excellent) is automatically selected or suggested adjacent to the rating field after 400ms of inactivity. | L4: Passed | N4: High | O4: Related Requirement: M02-F02, Scenario: SC-02
A5: TC-M02-004 | B5: Module 02 | C5: M02-F02 | D5: Auto Rating Suggestion | E5: Overwrite Auto Rating Suggestion | F5: Verify that staff members can manually overwrite an auto-suggested rating. | G5: Staff user is logged in. System has suggested rating 'G' after notes were typed. | H5: Subject=IT; Notes='Good work but missed classes'; SuggestedRating=G; OverwrittenRating=S | I5: 1. Type notes that trigger a 'G' suggestion; 2. Wait for the suggestion to appear; 3. Click the rating dropdown and manually change the rating to 'S'; 4. Click Save | J5: The manually selected rating 'S' replaces the suggestion 'G'. The record is saved successfully with rating 'S'. | K5: The manually selected rating 'S' replaces the suggestion 'G'. The record is saved successfully with rating 'S'. | L5: Passed | N5: High | O5: Related Requirement: M02-F02, Scenario: SC-02
A6: TC-M02-005 | B6: Module 02 | C6: M02-F03 | D6: Batch Entry – All Subjects | E6: Batch Entry for All Subjects simultaneously | F6: Verify that staff can record observations for multiple students across all subjects simultaneously using spreadsheet-style entry. | G6: Staff user is logged in. Batch PNV26A contains multiple active students (ST001, ST002). | H6: Grid of ratings and notes for ST001 and ST002. | I6: 1. Open Scan Management and choose Batch Entry - All Subjects; 2. Select Batch PNV26A and Date: 17/07/2026; 3. On the grid, enter ratings and notes for ST001 (IT=G, PLT=S, English=S, DA=S) and ST002 (IT=S, PLT=NI, English=S, DA=S); 4. Click Save All | J6: System saves all observation data simultaneously. Success notification appears (e.g.: "Saved 2 students"). Data is displayed accurately in the list. | K6: System saves all observation data simultaneously. Success notification appears (e.g.: "Saved 2 students"). Data is displayed accurately in the list. | L6: Passed | N6: High | O6: Related Requirement: M02-F03, Scenario: SC-03
A7: TC-M02-006 | B7: Module 02 | C7: M02-F04 | D7: Batch Entry – By Subject | E7: Batch Entry by Subject | F7: Verify that teachers can enter observations for a single subject for multiple students in batch mode. | G7: Staff user is logged in. | H7: Subject=English; Ratings and notes for ST001, ST002, ST003. | I7: 1. Open Scan Management and choose Batch Entry - By Subject; 2. Select Batch PNV26A, Date: 17/07/2026, and Subject: English; 3. Fill ratings and notes for English for ST001, ST002, and ST003; 4. Click Save | J7: English observations are saved successfully for all selected students. Other subjects (IT, PLT, DA) for these students remain unaffected. | K7: English observations are saved successfully for all selected students. Other subjects (IT, PLT, DA) for these students remain unaffected. | L7: Passed | N7: High | O7: Related Requirement: M02-F04, Scenario: SC-04
A8: TC-M02-007 | B8: Module 02 | C8: M02-F05 | D8: Observation Editing | E8: Edit Existing Observation Ratings and Notes | F8: Verify that staff can edit the ratings and notes of an existing observation record (before the session is complete). | G8: Staff user is logged in. Student ST001 has an observation on 17/07/2026. | H8: Student=ST001; Date=2026-07-17; NewITRating=S; NewITNotes=Needs some improvements. | I8: 1. Open Scan Management; 2. Search for ST001 and click Edit on observation for 17/07/2026; 3. Change IT rating to 'S' and notes to 'Needs some improvements.'; 4. Click Save | J8: Observation is updated successfully. A success notification is displayed. The new rating 'S' and notes display correctly. | K8: Observation is updated successfully. A success notification is displayed. The new rating 'S' and notes display correctly. | L8: Passed | N8: High | O8: Related Requirement: M02-F05, Scenario: SC-05
A9: TC-M02-008 | B9: Module 02 | C9: M02-F05 | D9: Observation Editing | E9: Observation Date Locked and Cannot Be Changed | F9: Verify that the observation date of an existing record is locked and cannot be edited. | G9: Staff user is logged in. Student ST001 has an observation on 17/07/2026. | H9: Student=ST001; Date=2026-07-17 | I9: 1. Open Scan Management; 2. Select ST001 observation on 17/07/2026 and click Edit; 3. Check the Observation Date field; 4. Attempt to modify the date | J9: The Observation Date field is disabled (read-only) and cannot be interacted with or modified. | K9: The evaluation date is subject to change at will without notice. | L9: Failed | N9: High | O9: Related Requirement: M02-F05, Scenario: SC-05, Business Rules
A10: TC-M02-009 | B10: Module 02 | C10: M02-F06 | D10: Duplicate Detection & Merge | E10: Duplicate Observation Merged - Less Than 3 Subjects Completed | F10: Verify that a duplicate student/date observation is merged into the existing record if less than 3 subjects are completed in the existing record. | G10: Staff user is logged in. Student ST001 has an observation on 17/07/2026 with only IT and PLT completed. | H10: Student=ST001; Date=2026-07-17; English_Rating=S; English_Notes=Good English vocabulary; DA_Rating=S | I10: 1. Submit a new observation for ST001 on 17/07/2026 with English rating 'S', notes 'Good English vocabulary', and DA rating 'S'; 2. Click Save | J10: Save is accepted. English and DA ratings are merged into the existing ST001 row. Message displays: "Added to existing session.". | K10: The system does not merge duplicate reviews. | L10: Failed | N10: High | O10: Related Requirement: M02-F06, Scenario: SC-06, Rule 1
A11: TC-M02-010 | B11: Module 02 | C11: M02-F06 | D11: Duplicate Detection & Merge | E11: Duplicate Observation Rejected - 3 or More Subjects Completed | F11: Verify that a duplicate student/date observation is rejected if 3 or more subjects are already completed in the existing record. | G11: Staff user is logged in. Student ST001 has an observation on 17/07/2026 with IT, PLT, and English completed. | H11: Student=ST001; Date=2026-07-17; DA_Rating=G; DA_Notes=Excellent design work | I11: 1. Attempt to save a new observation for ST001 on 17/07/2026 containing DA rating 'G'; 2. Click Save | J11: Save is rejected. Error message displays: "A feedback record for this date already exists.". New record is not saved. | K11: New ratings are saved and no error messages are displayed even if the student has previously given a rating. | L11: Failed | N11: High | O11: Related Requirement: M02-F06, Scenario: SC-07, Rule 2
A12: TC-M02-011 | B12: Module 02 | C12: M02-F07 | D12: Session Management | E12: Mark Session Complete - Auto-fill N/A for Unassessed Students | F12: Verify that marking a session complete automatically fills ratings for unassessed students with N/A and closes the session. | G12: Staff user is logged in. Batch PNV26A session on 17/07/2026 is complete for ST001 but ST002 has no observations. | H12: Batch=PNV26A; Date=2026-07-17 | I12: 1. Open progress dashboard for PNV26A on 17/07/2026; 2. Click Mark Session Complete; 3. Check session status and ST002 record | J12: Session status becomes 'Complete'. Student ST002 is automatically filled with 'N/A' for all subjects. No unassessed students remain. | K12: Session status becomes 'Complete'. Student ST002 is automatically filled with 'N/A' for all subjects. No unassessed students remain. | L12: Passed | N12: High | O12: Related Requirement: M02-F07, Scenario: SC-08
A13: TC-M02-012 | B13: Module 02 | C13: M02-F07 | D13: Session Management | E13: Block Edits on Completed Session | F13: Verify that staff cannot edit or create observations once a session is marked Complete. | G13: Staff user is logged in. Batch PNV26A session on 17/07/2026 is marked Complete. | H13: Batch=PNV26A; Date=2026-07-17 | I13: 1. Open completed session for PNV26A on 17/07/2026; 2. Try clicking Edit or Add Observation for this date; 3. Observe UI and server response if save is sent | J13: Edit/Add buttons are hidden or disabled. Server rejects any manual save attempts with error "Form may be outdated." or "Session outdated.". | K13: The edit button is disabled, making it impossible to edit student evaluation information. | L13: Passed | N13: High | O13: Related Requirement: M02-F07, Scenario: SC-08, Business Rules
... A26: TC-M02-025 | B26: Module 02 | C26: M02-F07 | D26: Session Management | E26: Block Editing of Auto-filled N/A Observations | F26: Verify that once a session is completed, the auto-filled N/A observations are locked and cannot be edited. | G26: Staff user is logged in. Batch PNV26A session on 17/07/2026 has been completed. Student ST002 was auto-filled with N/A. | H26: Student=ST002; Date=2026-07-17 | I26: 1. Open observation list for PNV26A on 17/07/2026; 2. Select ST002 (showing N/A for all subjects); 3. Search for Edit button or click fields to modify rating/notes; 4. Attempt to save modifications | J26: Rating select boxes and comments are read-only. Edit controls are hidden or disabled. No changes can be saved. | K26: Rating select boxes and comments are read-only. Edit controls are hidden or disabled. No changes can be saved. | L26: Passed | N26: High | O26: Related Requirement: M02-F07, Scenario: SC-08, Session Completion
