Workbook

Sheet Report
A1: Module 05 - Feature & Priority Summary Report
A2: Summary of test cases per feature, calculated via Excel formulas
A4: Total Features | B4: Total Test Cases | C4: High Priority Features | D4: Medium Priority Features | E4: Low Priority Features
A5: =COUNTA(A9:A18) | B5: =F19 | C5: =COUNTIF(C9:C18, ">0") | D5: =COUNTIFS(C9:C18, 0, D9:D18, ">0") | E5: =COUNTIFS(C9:C18, 0, D9:D18, 0, E9:E18, ">0")
A7: Feature Categorization & Priority Breakdown
A8: Feature ID | B8: Feature Name | C8: High Priority | D8: Medium Priority | E8: Low Priority | F8: Total TCs
A9: M05-F01 | B9: Internship Group Creation | C9: =COUNTIFS('Module05'!$C$2:$C$28, A9, 'Module05'!$M$2:$M$28, "High") | D9: =COUNTIFS('Module05'!$C$2:$C$28, A9, 'Module05'!$M$2:$M$28, "Medium") | E9: =COUNTIFS('Module05'!$C$2:$C$28, A9, 'Module05'!$M$2:$M$28, "Low") | F9: =SUM(C9:E9)
A10: M05-F02 | B10: Internship Group Archiving & Reactivation | C10: =COUNTIFS('Module05'!$C$2:$C$28, A10, 'Module05'!$M$2:$M$28, "High") | D10: =COUNTIFS('Module05'!$C$2:$C$28, A10, 'Module05'!$M$2:$M$28, "Medium") | E10: =COUNTIFS('Module05'!$C$2:$C$28, A10, 'Module05'!$M$2:$M$28, "Low") | F10: =SUM(C10:E10)
A11: M05-F03 | B11: Partner Company Management | C11: =COUNTIFS('Module05'!$C$2:$C$28, A11, 'Module05'!$M$2:$M$28, "High") | D11: =COUNTIFS('Module05'!$C$2:$C$28, A11, 'Module05'!$M$2:$M$28, "Medium") | E11: =COUNTIFS('Module05'!$C$2:$C$28, A11, 'Module05'!$M$2:$M$28, "Low") | F11: =SUM(C11:E11)
A12: M05-F04 | B12: Single Student Internship Assignment | C12: =COUNTIFS('Module05'!$C$2:$C$28, A12, 'Module05'!$M$2:$M$28, "High") | D12: =COUNTIFS('Module05'!$C$2:$C$28, A12, 'Module05'!$M$2:$M$28, "Medium") | E12: =COUNTIFS('Module05'!$C$2:$C$28, A12, 'Module05'!$M$2:$M$28, "Low") | F12: =SUM(C12:E12)
A13: M05-F05 | B13: Batch Student Internship Assignment | C13: =COUNTIFS('Module05'!$C$2:$C$28, A13, 'Module05'!$M$2:$M$28, "High") | D13: =COUNTIFS('Module05'!$C$2:$C$28, A13, 'Module05'!$M$2:$M$28, "Medium") | E13: =COUNTIFS('Module05'!$C$2:$C$28, A13, 'Module05'!$M$2:$M$28, "Low") | F13: =SUM(C13:E13)
A14: M05-F06 | B14: Company Hiding & Deletion Safety | C14: =COUNTIFS('Module05'!$C$2:$C$28, A14, 'Module05'!$M$2:$M$28, "High") | D14: =COUNTIFS('Module05'!$C$2:$C$28, A14, 'Module05'!$M$2:$M$28, "Medium") | E14: =COUNTIFS('Module05'!$C$2:$C$28, A14, 'Module05'!$M$2:$M$28, "Low") | F14: =SUM(C14:E14)
A15: M05-F07 | B15: Feedback Recording by Team | C15: =COUNTIFS('Module05'!$C$2:$C$28, A15, 'Module05'!$M$2:$M$28, "High") | D15: =COUNTIFS('Module05'!$C$2:$C$28, A15, 'Module05'!$M$2:$M$28, "Medium") | E15: =COUNTIFS('Module05'!$C$2:$C$28, A15, 'Module05'!$M$2:$M$28, "Low") | F15: =SUM(C15:E15)
A16: M05-F08 | B16: Same for All Feedback | C16: =COUNTIFS('Module05'!$C$2:$C$28, A16, 'Module05'!$M$2:$M$28, "High") | D16: =COUNTIFS('Module05'!$C$2:$C$28, A16, 'Module05'!$M$2:$M$28, "Medium") | E16: =COUNTIFS('Module05'!$C$2:$C$28, A16, 'Module05'!$M$2:$M$28, "Low") | F16: =SUM(C16:E16)
A17: M05-F09 | B17: Feedback Editing | C17: =COUNTIFS('Module05'!$C$2:$C$28, A17, 'Module05'!$M$2:$M$28, "High") | D17: =COUNTIFS('Module05'!$C$2:$C$28, A17, 'Module05'!$M$2:$M$28, "Medium") | E17: =COUNTIFS('Module05'!$C$2:$C$28, A17, 'Module05'!$M$2:$M$28, "Low") | F17: =SUM(C17:E17)
A18: M05-F10 | B18: Group List Display | C18: =COUNTIFS('Module05'!$C$2:$C$28, A18, 'Module05'!$M$2:$M$28, "High") | D18: =COUNTIFS('Module05'!$C$2:$C$28, A18, 'Module05'!$M$2:$M$28, "Medium") | E18: =COUNTIFS('Module05'!$C$2:$C$28, A18, 'Module05'!$M$2:$M$28, "Low") | F18: =SUM(C18:E18)
A19: Total | B19: =COUNTA(A9:A18)&" Features" | C19: =SUM(C9:C18) | D19: =SUM(D9:D18) | E19: =SUM(E9:E18) | F19: =SUM(F9:F18)

Sheet Module05
A1: ID | B1: Module | C1: Feature ID | D1: Feature Name | E1: Title | F1: Objective | G1: Preconditions | H1: TestData | I1: Steps | J1: ExpectedResult | K1: Actual Result | L1: Status | M1: Priority | N1: Notes
A2: TC-M05-001 | B2: Module 05 - Internship Management | C2: M05-F01 | D2: Internship Group Creation | E2: Create New Internship Group with Valid Information | F2: Verify functionality for creating a new internship group when entering all required and valid information. | G2: User is logged in as Staff. Currently on Internship Management interface. Classes "PNV26A" and "PNV26B" exist in system and are not assigned to any internship group in the same academic year. | H2: GroupName="Internship Group 2026"; AcademicYear="2026"; Classes="PNV26A, PNV26B"; StartDate="2026-06-01" | I2: 1. Click Create New Internship Group button; 2. Enter Group Name as "Internship Group 2026"; 3. Select Academic Year as "2026"; 4. Select classes "PNV26A" and "PNV26B"; 5. Select Start Date as "2026-06-01"; 6. Click Save button. | J2: Internship group is created successfully. Success notification appears and "Internship Group 2026" is displayed in the active internship group list with 2 assigned classes. | L2: Not Run | M2: High | N2: Related Requirement: M05-F01, Rule 6.1
A3: TC-M05-002 | B3: Module 05 - Internship Management | C3: M05-F01 | D3: Internship Group Creation | E3: Internship Group Creation Fails Due to Empty Group Name | F3: Verify system displays error and prevents creating internship group when group name is blank. | G3: User is logged in as Staff. Currently on Create New Internship Group interface. Class "PNV26A" is not assigned to any internship group in the academic year. | H3: GroupName=""; AcademicYear="2026"; Classes="PNV26A"; StartDate="2026-06-01" | I3: 1. Leave Group Name blank; 2. Select Academic Year as "2026"; 3. Select class "PNV26A"; 4. Select Start Date as "2026-06-01"; 5. Click Save button. | J3: System blocks creation. Validation error message appears: "Group Name is required." Form remains open and no new record is created. | L3: Not Run | M3: High | N3: Related Requirement: M05-F01, Rule 6.1, Validation Rules (Section 8)
A4: TC-M05-003 | B4: Module 05 - Internship Management | C4: M05-F01 | D4: Internship Group Creation | E4: Internship Group Creation Fails Due to Unselected Classes | F4: Verify system displays error and prevents creating internship group when no classes are selected. | G4: User is logged in as Staff. Currently on Create New Internship Group interface. | H4: GroupName="Internship Group 2026"; AcademicYear="2026"; Classes=None; StartDate="2026-06-01" | I4: 1. Enter Group Name as "Internship Group 2026"; 2. Select Academic Year as "2026"; 3. Do not select any class checkbox; 4. Select Start Date as "2026-06-01"; 5. Click Save button. | J4: System blocks creation. Validation error message appears: "At least one class must be selected." Group is not created. | L4: Not Run | M4: High | N4: Related Requirement: M05-F01, Rule 6.1, Validation Rules (Section 8)
A5: TC-M05-004 | B5: Module 05 - Internship Management | C5: M05-F01 | D5: Internship Group Creation | E5: Internship Group Creation Fails Due to Missing Start Date | F5: Verify system displays error and prevents creating internship group when Start Date is empty. | G5: User is logged in as Staff. Currently on Create New Internship Group interface. | H5: GroupName="Internship Group 2026"; AcademicYear="2026"; Classes="PNV26A"; StartDate="" | I5: 1. Enter Group Name as "Internship Group 2026"; 2. Select Academic Year as "2026"; 3. Select class "PNV26A"; 4. Leave Start Date blank; 5. Click Save button. | J5: System blocks creation. Validation error message appears: "Start Date is required." Group is not created. | L5: Not Run | M5: High | N5: Related Requirement: M05-F01, Rule 6.1, Validation Rules (Section 8)
A6: TC-M05-005 | B6: Module 05 - Internship Management | C6: M05-F01 | D6: Internship Group Creation | E6: Internship Group Creation Fails Due to Missing Academic Year | F6: Verify system displays error and prevents creating internship group when Academic Year is empty. | G6: User is logged in as Staff. Currently on Create New Internship Group interface. | H6: GroupName="Internship Group 2026"; AcademicYear=""; Classes="PNV26A"; StartDate="2026-06-01" | I6: 1. Enter Group Name as "Internship Group 2026"; 2. Leave Academic Year dropdown unselected/empty; 3. Select class "PNV26A"; 4. Select Start Date as "2026-06-01"; 5. Click Save button. | J6: System blocks creation. Validation error message appears: "Academic Year is required." Group is not created. | L6: Not Run | M6: High | N6: Related Requirement: M05-F01, Rule 6.1, Validation Rules (Section 8)
A7: TC-M05-006 | B7: Module 05 - Internship Management | C7: M05-F01 | D7: Internship Group Creation | E7: Internship Group Creation Fails Due to Class Already Assigned in Same Year | F7: Verify system prevents selecting or saving a class that is already assigned to another active internship group in the same academic year. | G7: User is logged in as Staff. Class "PNV26A" has been assigned to group "Group 1" in academic year 2026. Currently on Create New Internship Group interface. | H7: GroupName="Group 2"; AcademicYear="2026"; Classes="PNV26A"; StartDate="2026-06-01" | I7: 1. Enter Group Name as "Group 2"; 2. Select Academic Year as "2026"; 3. Attempt to select class "PNV26A"; 4. Click Save button. | J7: Class "PNV26A" is either disabled in the dropdown/list or system displays error upon saving: "Class PNV26A is already assigned to another internship group in academic year 2026." Creation fails. | L7: Not Run | M7: High | N7: Related Requirement: M05-F01, Rule 6.1
A8: TC-M05-007 | B8: Module 05 - Internship Management | C8: M05-F01 | D8: Internship Group Creation | E8: Create Internship Group Successfully When Assigning Same Class across Different Academic Years | F8: Verify system allows assigning the same class to another internship group if the academic years are different. | G8: User is logged in as Staff. Class "PNV26A" was assigned to an internship group in academic year 2025. | H8: GroupName="Internship Group 2026"; AcademicYear="2026"; Classes="PNV26A"; StartDate="2026-06-01" | I8: 1. Create new group with Academic Year "2026"; 2. Select class "PNV26A"; 3. Click Save button. | J8: System allows creation successfully without duplicate class error because academic years differ (2025 vs 2026). | L8: Not Run | M8: Medium | N8: Related Requirement: M05-F01, Rule 6.1
A9: TC-M05-008 | B9: Module 05 - Internship Management | C9: M05-F02 | D9: Internship Group Archiving & Reactivation | E9: Archive Active Internship Group | F9: Verify functionality for archiving an active internship group. | G9: User is logged in as Staff. Internship group "Internship Group 2025" is in Active status. | H9: GroupName="Internship Group 2025" | I9: 1. Navigate to Internship Group list; 2. Locate group "Internship Group 2025"; 3. Click Action menu and select Archive; 4. Confirm archiving in confirmation dialog. | J9: Status of "Internship Group 2025" changes from Active to Archived. Group is moved to Archived tab or hidden from Active list. | L9: Not Run | M9: High | N9: Related Requirement: M05-F02, Rule 6.2
A10: TC-M05-009 | B10: Module 05 - Internship Management | C10: M05-F02 | D10: Internship Group Archiving & Reactivation | E10: Reactivate Archived Internship Group | F10: Verify functionality for reactivating a previously archived internship group. | G10: User is logged in as Staff. Internship group "Internship Group 2025" is in Archived status. | H10: GroupName="Internship Group 2025" | I10: 1. Navigate to Archived Internship Groups tab; 2. Locate group "Internship Group 2025"; 3. Click Action menu and select Reactivate; 4. Confirm reactivation in confirmation dialog. | J10: Status of "Internship Group 2025" changes back to Active. Group reappears in the Active internship group list. | L10: Not Run | M10: High | N10: Related Requirement: M05-F02, Rule 6.2
A11: TC-M05-010 | B11: Module 05 - Internship Management | C11: M05-F03 | D11: Partner Company Management | E11: Add New Partner Company with Valid Name | F11: Verify functionality for adding a new partner company with a valid name. | G11: User is logged in as Staff. Currently on Company Management interface. Company "ABC Technology" does not exist in system. | H11: CompanyName="ABC Technology" | I11: 1. Click Add Company button; 2. Enter Company Name as "ABC Technology"; 3. Click Save button. | J11: Company is added successfully. Success notification appears and "ABC Technology" is displayed in company list with status Active. | L11: Not Run | M11: High | N11: Related Requirement: M05-F03, Rule 6.3
A12: TC-M05-011 | B12: Module 05 - Internship Management | C12: M05-F03 | D12: Partner Company Management | E12: Add Company Fails Due to Empty Company Name | F12: Verify system displays error and prevents adding company when company name is empty. | G12: User is logged in as Staff. Currently on Add Company dialog. | H12: CompanyName="" | I12: 1. Leave Company Name field empty; 2. Click Save button. | J12: System blocks action. Validation error message appears: "Company Name is required." No new company is saved. | L12: Not Run | M12: High | N12: Related Requirement: M05-F03, Rule 6.3, Validation Rules (Section 8)
A13: TC-M05-012 | B13: Module 05 - Internship Management | C13: M05-F03 | D13: Partner Company Management | E13: Add Company Fails Due to Duplicate Name (Case Insensitive) | F13: Verify system detects duplicate company names regardless of uppercase/lowercase letters. | G13: User is logged in as Staff. Company "ABC Technology" already exists in system. | H13: CompanyName="abc technology" | I13: 1. Click Add Company button; 2. Enter Company Name as "abc technology"; 3. Click Save button. | J13: System blocks action. Error message appears: "Company name already exists." Duplicate company is not created. | L13: Not Run | M13: High | N13: Related Requirement: M05-F03, Rule 6.3
... A28: TC-M05-027 | B28: Module 05 - Internship Management | C28: M05-F10 | D28: Group List Display | E28: Expand/Collapse Student List and Display Warning Badges in Internship Group List | F28: Verify functionality for expanding/collapsing each internship group and correctly displaying warning badges for unassigned students. | G28: User is logged in as Staff. Currently on Internship Group List page. Group "Internship Group 2026" contains 2 students without assigned company. | H28: GroupName="Internship Group 2026" | I28: 1. Observe group row for "Internship Group 2026"; 2. Verify warning badge for unassigned students (e.g., "2 Unassigned"); 3. Click Expand arrow icon on group row; 4. Click Collapse arrow icon on group row. | J28: Warning badge "2 Unassigned" displays accurately on group row. Clicking Expand expands student list cleanly. Clicking Collapse hides student list cleanly. | L28: Not Run | M28: Medium | N28: Related Requirement: M05-F10, UI Standards
