Workbook

Sheet Report
A1: Module 09 - Feature & Priority Summary Report
A2: Summary of test cases per feature, calculated via Excel formulas
A4: Total Features | B4: Total Test Cases | C4: High Priority Features | D4: Medium Priority Features | E4: Low Priority Features
A5: =COUNTA(A9:A18) | B5: =F19 | C5: =COUNTIF(C9:C18, ">0") | D5: =COUNTIFS(C9:C18, 0, D9:D18, ">0") | E5: =COUNTIFS(C9:C18, 0, D9:D18, 0, E9:E18, ">0")
A7: Feature Categorization & Priority Breakdown
A8: Feature ID | B8: Feature Name | C8: High Priority | D8: Medium Priority | E8: Low Priority | F8: Total TCs
A9: M09-F01 | B9: Role-based Auto-login | C9: =COUNTIFS('Module09'!$C$2:$C$24, A9, 'Module09'!$M$2:$M$24, "High") | D9: =COUNTIFS('Module09'!$C$2:$C$24, A9, 'Module09'!$M$2:$M$24, "Medium") | E9: =COUNTIFS('Module09'!$C$2:$C$24, A9, 'Module09'!$M$2:$M$24, "Low") | F9: =SUM(C9:E9)
A10: M09-F02 | B10: Semester Navigation | C10: =COUNTIFS('Module09'!$C$2:$C$24, A10, 'Module09'!$M$2:$M$24, "High") | D10: =COUNTIFS('Module09'!$C$2:$C$24, A10, 'Module09'!$M$2:$M$24, "Medium") | E10: =COUNTIFS('Module09'!$C$2:$C$24, A10, 'Module09'!$M$2:$M$24, "Low") | F10: =SUM(C10:E10)
A11: M09-F03 | B11: Subject Categorization | C11: =COUNTIFS('Module09'!$C$2:$C$24, A11, 'Module09'!$M$2:$M$24, "High") | D11: =COUNTIFS('Module09'!$C$2:$C$24, A11, 'Module09'!$M$2:$M$24, "Medium") | E11: =COUNTIFS('Module09'!$C$2:$C$24, A11, 'Module09'!$M$2:$M$24, "Low") | F11: =SUM(C11:E11)
A12: M09-F04 | B12: Read-only View Enforcement | C12: =COUNTIFS('Module09'!$C$2:$C$24, A12, 'Module09'!$M$2:$M$24, "High") | D12: =COUNTIFS('Module09'!$C$2:$C$24, A12, 'Module09'!$M$2:$M$24, "Medium") | E12: =COUNTIFS('Module09'!$C$2:$C$24, A12, 'Module09'!$M$2:$M$24, "Low") | F12: =SUM(C12:E12)
A13: M09-F05 | B13: Grade Representation & Placeholders | C13: =COUNTIFS('Module09'!$C$2:$C$24, A13, 'Module09'!$M$2:$M$24, "High") | D13: =COUNTIFS('Module09'!$C$2:$C$24, A13, 'Module09'!$M$2:$M$24, "Medium") | E13: =COUNTIFS('Module09'!$C$2:$C$24, A13, 'Module09'!$M$2:$M$24, "Low") | F13: =SUM(C13:E13)
A14: M09-F06 | B14: Grade Color Coding | C14: =COUNTIFS('Module09'!$C$2:$C$24, A14, 'Module09'!$M$2:$M$24, "High") | D14: =COUNTIFS('Module09'!$C$2:$C$24, A14, 'Module09'!$M$2:$M$24, "Medium") | E14: =COUNTIFS('Module09'!$C$2:$C$24, A14, 'Module09'!$M$2:$M$24, "Low") | F14: =SUM(C14:E14)
A15: M09-F07 | B15: Re-study Status Display | C15: =COUNTIFS('Module09'!$C$2:$C$24, A15, 'Module09'!$M$2:$M$24, "High") | D15: =COUNTIFS('Module09'!$C$2:$C$24, A15, 'Module09'!$M$2:$M$24, "Medium") | E15: =COUNTIFS('Module09'!$C$2:$C$24, A15, 'Module09'!$M$2:$M$24, "Low") | F15: =SUM(C15:E15)
A16: M09-F08 | B16: Internship Report Shortcut Visibility | C16: =COUNTIFS('Module09'!$C$2:$C$24, A16, 'Module09'!$M$2:$M$24, "High") | D16: =COUNTIFS('Module09'!$C$2:$C$24, A16, 'Module09'!$M$2:$M$24, "Medium") | E16: =COUNTIFS('Module09'!$C$2:$C$24, A16, 'Module09'!$M$2:$M$24, "Low") | F16: =SUM(C16:E16)
A17: M09-F09 | B17: Student Data Isolation | C17: =COUNTIFS('Module09'!$C$2:$C$24, A17, 'Module09'!$M$2:$M$24, "High") | D17: =COUNTIFS('Module09'!$C$2:$C$24, A17, 'Module09'!$M$2:$M$24, "Medium") | E17: =COUNTIFS('Module09'!$C$2:$C$24, A17, 'Module09'!$M$2:$M$24, "Low") | F17: =SUM(C17:E17)
A18: M09-F10 | B18: Responsive Design | C18: =COUNTIFS('Module09'!$C$2:$C$24, A18, 'Module09'!$M$2:$M$24, "High") | D18: =COUNTIFS('Module09'!$C$2:$C$24, A18, 'Module09'!$M$2:$M$24, "Medium") | E18: =COUNTIFS('Module09'!$C$2:$C$24, A18, 'Module09'!$M$2:$M$24, "Low") | F18: =SUM(C18:E18)
A19: Total | B19: =COUNTA(A9:A18)&" Features" | C19: =SUM(C9:C18) | D19: =SUM(D9:D18) | E19: =SUM(E9:E18) | F19: =SUM(F9:F18)

Sheet Module09
A1: ID | B1: Module | C1: Feature ID | D1: Feature Name | E1: Title | F1: Objective | G1: Preconditions | H1: TestData | I1: Steps | J1: ExpectedResult | K1: Actual Result | L1: Status | M1: Priority | N1: Notes
A2: TC-M09-001 | B2: Module 09 - Student Portal | C2: M09-F01 | D2: Role-based Auto-login | E2: Log In with a Valid Student Account | F2: Verify student with email belonging to @student.passerellesnumeriques.org domain logs in successfully to Student Portal via Google OAuth. | G2: User is not logged into system. Browser is connected to internet and supports Google OAuth. | H2: Email="nam.nguyen26@student.passerellesnumeriques.org" | I2: 1. Access Academic Portal login page; 2. Click "Sign in with Google" button; 3. Select account nam.nguyen26@student.passerellesnumeriques.org and authorize. | J2: Login successful. System recognizes student role and redirects directly to Student Portal interface showing student's academic records. | L2: Not Run | M2: High | N2: Related Requirement: M09-F01, Business Rules 6.1
A3: TC-M09-002 | B3: Module 09 - Student Portal | C3: M09-F01 | D3: Role-based Auto-login | E3: Log In with an Organization Staff Account | F3: Verify Staff account logging in via Google OAuth is automatically recognized and redirected to Staff Portal instead of Student Portal. | G3: User is not logged into system. | H3: Email="staff.manager@passerellesnumeriques.org" | I3: 1. Access Academic Portal login page; 2. Click "Sign in with Google" button; 3. Select Staff account staff.manager@passerellesnumeriques.org and authorize. | J3: Login successful. System recognizes Staff role and redirects user to Staff Portal interface instead of Student Portal. | L3: Not Run | M3: High | N3: Related Requirement: M09-F01, Business Rules 6.1
A4: TC-M09-003 | B4: Module 09 - Student Portal | C4: M09-F01 | D4: Role-based Auto-login | E4: Log In with an External Personal Account | F4: Verify system blocks access when user attempts to log in with an external personal email domain. | G4: User is not logged into system. | H4: Email="user.test@gmail.com" | I4: 1. Access Academic Portal login page; 2. Click "Sign in with Google" button; 3. Select personal email user.test@gmail.com. | J4: System blocks login. Error message appears: "Access denied. Please use your organizational email (@passerellesnumeriques.org or @student.passerellesnumeriques.org)." | L4: Not Run | M4: High | N4: Related Requirement: M09-F01, Error Handling 8.1
A5: TC-M09-004 | B5: Module 09 - Student Portal | C5: M09-F01 | D5: Role-based Auto-login | E5: Log In with Valid Student Email but Without Academic Records in System | F5: Verify system handles student authentication when email domain is valid but student profile is missing from database. | G5: User has valid student email domain, but student profile record does not exist in database. | H5: Email="newstudent@student.passerellesnumeriques.org" | I5: 1. Log in via Google OAuth with newstudent@student.passerellesnumeriques.org. | J5: System authenticates but displays notice: "No academic records found for your account. Please contact Academic Staff." | L5: Not Run | M5: Medium | N5: Related Requirement: M09-F01, Error Handling 8.2
A6: TC-M09-005 | B6: Module 09 - Student Portal | C6: M09-F02 | D6: Semester Navigation | E6: Switch Between Semesters (Semester Selector) | F6: Verify student can switch between semesters using dropdown menu and view corresponding subject grades and GPA. | G6: Student is logged into Student Portal. Academic record contains data for Semester 1 and Semester 2. | H6: Student Email="nam.nguyen26@student.passerellesnumeriques.org"; Selected Semester="Semester 2" | I6: 1. Observe default selected semester (latest semester); 2. Click Semester Selector dropdown menu; 3. Select "Semester 2". | J6: Interface re-renders smoothly. Grade table and GPA stats update instantly to display Semester 2 academic data. | L6: Not Run | M6: High | N6: Related Requirement: M09-F02, Business Rules 6.2
A7: TC-M09-006 | B7: Module 09 - Student Portal | C7: M09-F03 | D7: Subject Categorization | E7: Verify Subject Categorization by Category (Subject Categories) | F7: Verify subjects on Student Portal are grouped into correct categories (IT, English, Professional Skills). | G7: Student is logged into Student Portal. Student has enrolled subjects across multiple categories. | H7: Categories=["IT", "English", "Professional Skills"] | I7: 1. Navigate to Grade Report tab on Student Portal; 2. Observe layout of subject table. | J7: Subjects are grouped clearly under Category header sections (IT, English, Professional Skills). | L7: Not Run | M7: High | N7: Related Requirement: M09-F03, Business Rules 6.3
A8: TC-M09-007 | B8: Module 09 - Student Portal | C8: M09-F04 | D8: Read-only View Enforcement | E8: Verify Read-Only Nature of Student Portal | F8: Verify Student Portal is strictly Read-Only and provides no edit controls for grades or attendance. | G8: Student is logged into Student Portal. | H8: Role="Student" | I8: 1. Browse all sections of Student Portal (Grades, Attendance, Profile, Materials); 2. Check for any edit, save, or input fields. | J8: All academic data displays in Read-Only mode. No input fields or save buttons are present. | L8: Not Run | M8: High | N8: Related Requirement: M09-F04, Business Rules 6.4
A9: TC-M09-008 | B9: Module 09 - Student Portal | C9: M09-F05 | D9: Grade Representation & Placeholders | E9: Display Unentered Grades (Empty Grades) | F9: Verify system displays hyphen placeholder "-" when a grade component has not been entered yet. | G9: Student is logged into Student Portal. Final Exam grade for subject "Web Dev" has not been entered by Staff. | H9: Subject="Web Dev"; GradeComponent="Final Exam" | I9: 1. View grade details for subject "Web Dev"; 2. Check cell display for Final Exam grade. | J9: Cell displays "-" placeholder instead of 0 or blank, indicating grade is pending. | L9: Not Run | M9: Medium | N9: Related Requirement: M09-F05, Business Rules 6.5
A10: TC-M09-009 | B10: Module 09 - Student Portal | C10: M09-F06 | D10: Grade Color Coding | E10: Color Code Final Grade (/10) for Excellent Grade (>= 8.0) | F10: Verify final subject grade >= 8.0 displays in Green badge styling. | G10: Student is logged into Student Portal. | H10: Subject="Algorithms"; FinalGrade=8.5 | I10: 1. Locate subject "Algorithms" with final grade 8.5; 2. Inspect badge color. | J10: Grade 8.5 displays in Green badge styling (#137333 / light green fill). | L10: Not Run | M10: High | N10: Related Requirement: M09-F06, Color Rules 5.1
A11: TC-M09-010 | B11: Module 09 - Student Portal | C11: M09-F06 | D11: Grade Color Coding | E11: Color Code Final Grade (/10) for Good/Average Grade (5.5 - 7.9) | F11: Verify final subject grade between 5.5 and 7.9 displays in Orange/Yellow badge styling. | G11: Student is logged into Student Portal. | H11: Subject="Database"; FinalGrade=6.5 | I11: 1. Locate subject "Database" with final grade 6.5; 2. Inspect badge color. | J11: Grade 6.5 displays in Orange/Yellow badge styling (#B06000 / light yellow fill). | L11: Not Run | M11: High | N11: Related Requirement: M09-F06, Color Rules 5.1
A12: TC-M09-011 | B12: Module 09 - Student Portal | C12: M09-F06 | D12: Grade Color Coding | E12: Color Code Final Grade (/10) for Failing Grade (< 5.5) | F12: Verify final subject grade < 5.5 displays in Red badge styling. | G12: Student is logged into Student Portal. | H12: Subject="English 1"; FinalGrade=4.0 | I12: 1. Locate subject "English 1" with final grade 4.0; 2. Inspect badge color. | J12: Grade 4.0 displays in Red badge styling (#A50E0E / light red fill). | L12: Not Run | M12: High | N12: Related Requirement: M09-F06, Color Rules 5.1
A13: TC-M09-012 | B13: Module 09 - Student Portal | C13: M09-F06 | D13: Grade Color Coding | E13: Color Code GPA (/4) for Excellent GPA (>= 3.5) | F13: Verify semester GPA >= 3.5 displays in Green highlight styling. | G13: Student is logged into Student Portal. | H13: GPA=3.65 | I13: 1. View GPA Summary card on Student Portal; 2. Inspect GPA badge color. | J13: GPA 3.65 displays with Green text/background styling. | L13: Not Run | M13: High | N13: Related Requirement: M09-F06, Color Rules 5.2
... A24: TC-M09-023 | B24: Module 09 - Student Portal | C24: M09-F02 | D24: Semester Navigation | E24: Verify Validation of Invalid Semester Parameter (Semester Validation) | F24: Verify system handles invalid or non-existent semester parameters in URL gracefully. | G24: Student is logged into Student Portal. | H24: InvalidSemesterParam="semester=999" | I24: 1. Navigate to Student Portal URL with parameter semester=999. | J24: System defaults to current active semester without crashing or throwing unhandled exception. | L24: Not Run | M24: Medium | N24: Related Requirement: M09-F02, Error Handling 8.3
