Workbook

Sheet Report
A1: Module 06 - Feature & Priority Summary Report
A2: Summary of test cases per feature, calculated via Excel formulas
A4: Total Features | B4: Total Test Cases | C4: High Priority Features | D4: Medium Priority Features | E4: Low Priority Features
A5: =COUNTA(A9:A17) | B5: =F18 | C5: =COUNTIF(C9:C17, ">0") | D5: =COUNTIFS(C9:C17, 0, D9:D17, ">0") | E5: =COUNTIFS(C9:C17, 0, D9:D17, 0, E9:E17, ">0")
A7: Feature Categorization & Priority Breakdown
A8: Feature ID | B8: Feature Name | C8: High Priority | D8: Medium Priority | E8: Low Priority | F8: Total TCs
A9: M06-F01 | B9: Report Creation | C9: =COUNTIFS('Module06'!$C$2:$C$32, A9, 'Module06'!$M$2:$M$32, "High") | D9: =COUNTIFS('Module06'!$C$2:$C$32, A9, 'Module06'!$M$2:$M$32, "Medium") | E9: =COUNTIFS('Module06'!$C$2:$C$32, A9, 'Module06'!$M$2:$M$32, "Low") | F9: =SUM(C9:E9)
A10: M06-F03 | B10: Submission Validation | C10: =COUNTIFS('Module06'!$C$2:$C$32, A10, 'Module06'!$M$2:$M$32, "High") | D10: =COUNTIFS('Module06'!$C$2:$C$32, A10, 'Module06'!$M$2:$M$32, "Medium") | E10: =COUNTIFS('Module06'!$C$2:$C$32, A10, 'Module06'!$M$2:$M$32, "Low") | F10: =SUM(C10:E10)
A11: M06-F02 | B11: Draft Saving | C11: =COUNTIFS('Module06'!$C$2:$C$32, A11, 'Module06'!$M$2:$M$32, "High") | D11: =COUNTIFS('Module06'!$C$2:$C$32, A11, 'Module06'!$M$2:$M$32, "Medium") | E11: =COUNTIFS('Module06'!$C$2:$C$32, A11, 'Module06'!$M$2:$M$32, "Low") | F11: =SUM(C11:E11)
A12: M06-F04 | B12: Auto-calculated End Date | C12: =COUNTIFS('Module06'!$C$2:$C$32, A12, 'Module06'!$M$2:$M$32, "High") | D12: =COUNTIFS('Module06'!$C$2:$C$32, A12, 'Module06'!$M$2:$M$32, "Medium") | E12: =COUNTIFS('Module06'!$C$2:$C$32, A12, 'Module06'!$M$2:$M$32, "Low") | F12: =SUM(C12:E12)
A13: M06-F05 | B13: Dynamic Task Table | C13: =COUNTIFS('Module06'!$C$2:$C$32, A13, 'Module06'!$M$2:$M$32, "High") | D13: =COUNTIFS('Module06'!$C$2:$C$32, A13, 'Module06'!$M$2:$M$32, "Medium") | E13: =COUNTIFS('Module06'!$C$2:$C$32, A13, 'Module06'!$M$2:$M$32, "Low") | F13: =SUM(C13:E13)
A14: M06-F06 | B14: Auto-calculated Total Hours | C14: =COUNTIFS('Module06'!$C$2:$C$32, A14, 'Module06'!$M$2:$M$32, "High") | D14: =COUNTIFS('Module06'!$C$2:$C$32, A14, 'Module06'!$M$2:$M$32, "Medium") | E14: =COUNTIFS('Module06'!$C$2:$C$32, A14, 'Module06'!$M$2:$M$32, "Low") | F14: =SUM(C14:E14)
A15: M06-F07 | B15: Report Submission | C15: =COUNTIFS('Module06'!$C$2:$C$32, A15, 'Module06'!$M$2:$M$32, "High") | D15: =COUNTIFS('Module06'!$C$2:$C$32, A15, 'Module06'!$M$2:$M$32, "Medium") | E15: =COUNTIFS('Module06'!$C$2:$C$32, A15, 'Module06'!$M$2:$M$32, "Low") | F15: =SUM(C15:E15)
A16: M06-F08 | B16: Automatic Email Notification | C16: =COUNTIFS('Module06'!$C$2:$C$32, A16, 'Module06'!$M$2:$M$32, "High") | D16: =COUNTIFS('Module06'!$C$2:$C$32, A16, 'Module06'!$M$2:$M$32, "Medium") | E16: =COUNTIFS('Module06'!$C$2:$C$32, A16, 'Module06'!$M$2:$M$32, "Low") | F16: =SUM(C16:E16)
A17: M06-F09 | B17: Staff View of Student Reports | C17: =COUNTIFS('Module06'!$C$2:$C$32, A17, 'Module06'!$M$2:$M$32, "High") | D17: =COUNTIFS('Module06'!$C$2:$C$32, A17, 'Module06'!$M$2:$M$32, "Medium") | E17: =COUNTIFS('Module06'!$C$2:$C$32, A17, 'Module06'!$M$2:$M$32, "Low") | F17: =SUM(C17:E17)
A18: Total | B18: =COUNTA(A9:A17)&" Features" | C18: =SUM(C9:C17) | D18: =SUM(D9:D17) | E18: =SUM(E9:E17) | F18: =SUM(F9:F17)

Sheet Module06
A1: ID | B1: Module | C1: Feature ID | D1: Feature Name | E1: Title | F1: Objective | G1: Preconditions | H1: TestData | I1: Steps | J1: ExpectedResult | K1: Actual Result | L1: Status | M1: Priority | N1: Notes
A2: TC-M06-001 | B2: Module 06 – Bi-Weekly Internship Reports | C2: M06-F01 | D2: Report Creation | E2: Create new report boi student thuoc internship group dang hoat dong | F2: Verify functionality for display nut va mo interface create new report cho student thuoc internship group dang hoat dong (On-going). | G2: User is logged in as Student. Hoc vien thuoc internship group co status "On-going". Currently on Student Portal interface. | H2: BatchName="PNV26A"; GroupStatus="On-going" | I2: 1. Truy cap vao Student Portal. 2. Verify su xuat hien cua nut "+ New Report". 3. Nhap vao nut "+ New Report". | J2: Nut "+ New Report" display ro rang va can click duoc. Interface create new internship report mo ra successfully. | L2: Not Run | M2: High | N2: Related to M06-F01, Rule 6.1
A3: TC-M06-002 | B3: Module 06 – Bi-Weekly Internship Reports | C3: M06-F01 | D3: Report Creation | E3: Prevent create new report for student thuoc internship group da hoan thanh | F3: Verify system an nut create new report neu student thuoc internship group da hoan thanh (Completed). | G3: User is logged in as Student. Hoc vien thuoc internship group co status "Completed". Currently on Student Portal interface. | H3: BatchName="PNV26A"; GroupStatus="Completed" | I3: 1. Truy cap vao Student Portal. 2. Observe su xuat hien cua nut "+ New Report". | J3: Nut "+ New Report" not displayed tren interface. Hoc vien cannot create new internship report. | L3: Not Run | M3: High | N3: Related to M06-F01, Rule 6.1
A4: TC-M06-003 | B4: Module 06 – Bi-Weekly Internship Reports | C4: M06-F01 | D4: Report Creation | E4: Prevent create new report for student thuoc internship group da archive | F4: Verify system an nut create new report neu student thuoc internship group da archive (Archived). | G4: User is logged in as Student. Hoc vien thuoc internship group co status "Archived". Currently on Student Portal interface. | H4: BatchName="PNV26A"; GroupStatus="Archived" | I4: 1. Truy cap vao Student Portal. 2. Observe su xuat hien cua nut "+ New Report". | J4: Nut "+ New Report" not displayed tren interface. Hoc vien cannot create new internship report. | L4: Not Run | M4: High | N4: Related to M06-F01, Rule 6.1
A5: TC-M06-004 | B5: Module 06 – Bi-Weekly Internship Reports | C5: M06-F03 | D5: Submission Validation | E5: Prevent creating new report from Staff account | F5: Verify whether account Staff co bi gioi han quyen khong duoc create new internship report hay khong. | G5: User is logged in as Staff. Currently on Student Management or Internship Management interface. | H5: Role="Staff" | I5: 1. Truy cap interface report cua student bat ky hoac kiem tra cac nut chuc nang tren trang report. | J5: Khong xuat hien nut "+ New Report" hoac bat ky tuy select nao allows Staff create internship report. | L5: Not Run | M5: Medium | N5: Related to User Roles (Section 4), Staff Access (Rule 6.12)
A6: TC-M06-005 | B6: Module 06 – Bi-Weekly Internship Reports | C6: M06-F02 | D6: Draft Saving | E6: Save temporary report as Draft | F6: Verify functionality for save as draft report voi thong tin chua day du de edit sau. | G6: User is logged in as Student. Currently on new internship report creation interface. | H6: CompanySupervisorName="Nguyen Van B"; StartDate="2026-07-20"; Status="Draft" | I6: 1. Enter Ten supervisor cua company la "Nguyen Van B". 2. Select Start Date la "2026-07-20" (Monday). 3. De trong cac truong bat buoc khac. 4. Nhap nut "Save as Draft" (Save as draft). | J6: System display notification save as draft successfully. Bao cao duoc save vao danh sach voi status "Draft". Hoc vien can mo lai de tiep tuc edit. | L6: Not Run | M6: High | N6: Related to M06-F02, Rule 6.2
A7: TC-M06-006 | B7: Module 06 – Bi-Weekly Internship Reports | C7: M06-F02 | D7: Draft Saving | E7: Edit draft report unlimited number of times | F7: Verify whether student can edit va save lai draft report nhieu lan truoc khi submit chinh thuc. | G7: User is logged in as Student. Da co san mot report o status "Draft" trong danh sach. | H7: ReportId="REP001"; InitialStatus="Draft"; NewSupervisorName="Tran Thi C"; Tasks=[{"TaskName": "Design Database", "Description": "Create ERD", "Result": "Completed"}] | I7: 1. Select draft report "REP001" tu danh sach va click "Edit" (Edit). 2. Thay doi Ten supervisor thanh "Tran Thi C". 3. Add mot task vao task table. 4. Nhap nut "Save as Draft". 5. Mo lai report do lan nua, sua doi thong tin va click "Save as Draft" tiep. | J7: System allows edit va save successfully tat ca cac thay doi ma without limit times. Status report van giu nguyen la "Draft" sau moi lan save as draft. | L7: Not Run | M7: High | N7: Related to M06-F02, Rule 6.2
A8: TC-M06-007 | B8: Module 06 – Bi-Weekly Internship Reports | C8: M06-F02 | D8: Draft Saving | E8: Draft report does not send emails and is hidden from Staff | F8: Dam bao draft report khong kich hoat tinh nang gui email va cannot nhin thay boi account Staff. | G8: Hoc vien vua thuc hien save as draft mot new report. | H8: Status="Draft"; StudentEmail="student01@student.passerellesnumeriques.org"; PnvSupervisorEmail="pnv.sup@passerellesnumeriques.org" | I8: 1. Verify hom thu cua PNV Supervisor va Company Supervisor xem co email notification nao duoc gui di khong. 2. Log in system bang account Staff, access trang chi tiet student (Student Detail) cua student nay va kiem tra danh sach report. | J8: 1. Khong co email nao duoc gui tu system. 2. Tai khoan Staff khong nhin thay draft report nay trong danh sach report cua student. | L8: Not Run | M8: High | N8: Related to M06-F02, Rule 6.2, Rule 6.12
A9: TC-M06-008 | B9: Module 06 – Bi-Weekly Internship Reports | C9: M06-F04 | D9: Auto-calculated End Date | E9: Auto-calculate End Date when valid Start Date is entered | F9: Verify functionality for auto-calculate End Date (End Date) dua tren cong thuc Start Date (Start Date) + 13 ngay. | G9: User is logged in as Student. Currently on new report creation interface. | H9: StartDate="2026-07-20" (Monday) | I9: 1. Nhap select truong Start Date va enter/select ngay "2026-07-20". 2. Verify gia tri display o truong End Date. 3. Thu click dup hoac go vao truong End Date de edit. | J9: Truong End Date tu dong display ngay "2026-08-02". Truong End Date bi vo hieu hoa (disabled/read-only) va user cannot edit thu cong. | L9: Not Run | M9: High | N9: Related to M06-F04, Rule 6.5
A10: TC-M06-009 | B10: Module 06 – Bi-Weekly Internship Reports | C10: M06-F04 | D10: Auto-calculated End Date | E10: Prevent submitting report if Start Date is not a Monday | F10: Verify system bao error khi Start Date duoc select khong roi vao thu Hai. | G10: User is logged in as Student. Currently on new report creation interface. | H10: StartDate="2026-07-21" (Tuesday, not thu Hai); Other required fields valid | I10: 1. Enter day du thong tin hop le vao cac truong bat buoc. 2. Thay doi Start Date thanh "2026-07-21" (Tuesday). 3. Nhap nut "Submit" (Submit report). 4. Xac nhan submit trong hop thoai xac nhan. | J10: System display error cphoto bao Start Date phai la thu Hai (e.g.: "Start Date must be a Monday"). Bao cao khong duoc submit va status khong doi. | L10: Not Run | M10: High | N10: Related to Validation Rules (Section 7), Error Handling (Section 8)
A11: TC-M06-010 | B11: Module 06 – Bi-Weekly Internship Reports | C11: M06-F04 | D11: Auto-calculated End Date | E11: Prevent submitting report if Start Date is outside internship period | F11: Verify system bao error khi student select Start Date outside pham vi period internship da cau hinh. | G11: User is logged in as Student. Thoi gian internship cua student duoc cau hinh tu "2026-07-01" den "2026-09-30". Currently on new report creation interface. | H11: StartDate="2026-06-22" (Monday, truoc period internship); Other required fields valid | I11: 1. Enter day du thong tin hop le vao cac truong bat buoc. 2. Select Start Date la "2026-06-22". 3. Nhap nut "Submit" va xac nhan. | J11: System display notification error requires Start Date phai nam trong period internship (e.g.: "Start Date must be within the internship period"). Bao cao khong duoc submit. | L11: Not Run | M11: High | N11: Related to Validation Rules (Section 7), Error Handling (Section 8)
A12: TC-M06-011 | B12: Module 06 – Bi-Weekly Internship Reports | C12: M06-F05 | D12: Dynamic Task Table | E12: Add and remove task rows in dynamic task table | F12: Verify functionality for add moi task row va delete bot task row hien tai trong task table. | G12: User is logged in as Student. Currently on report creation or edit interface. | H12: Khong co du lieu dac biet | I12: 1. Nhap nut "Add Task" (Add task). 2. Enter thong tin vao task row vua create. 3. Nhap nut "Add Task" mot lan nua de create dong thu 2. 4. Enter thong tin cho dong thu 2. 5. Nhap nut "Remove" (Delete) tai task row thu nhat. | J12: 1. Mot dong moi xuat hien voi cac o enter: Ten task, Mo ta, Ket qua. 2. Enter lieu binh thuong. 3. Dong thu 2 duoc create add. 4. Enter lieu binh thuong cho dong thu 2. 5. Dong thu nhat bi delete khoi bang, chi con lai dong thu 2. | L12: Not Run | M12: High | N12: Related to M06-F05, Rule 6.6
A13: TC-M06-012 | B13: Module 06 – Bi-Weekly Internship Reports | C13: M06-F05 | D13: Dynamic Task Table | E13: Prevent submit report khi danh sach task trong | F13: Dam bao system bat buoc report phai co it nhat mot task moi allows submit. | G13: User is logged in as Student. Dang o interface create new report, cac truong thong tin chung da dien day du. | H13: TaskList=Empty; Other required fields valid | I13: 1. Delete tat ca cac task row trong task table (hoac khong add dong nao). 2. Nhap nut "Submit" va xac nhan. | J13: System display notification error requires phai enter it nhat mot task (e.g.: "At least one task is required"). Bao cao khong duoc submit. | L13: Not Run | M13: High | N13: Related to Validation Rules (Section 7), Error Handling (Section 8)
... A32: TC-M06-031 | B32: Module 06 – Bi-Weekly Internship Reports | C32: M06-F09 | D32: Staff View of Student Reports | E32: Staff cannot sua hoac delete report cua student | F32: Dam bao Staff chi co quyen xem (Read-only) va cannot thay doi thong tin hoac delete report cua student. | G32: User is logged in as Staff. Dang o man hinh xem chi tiet report cua student "Nguyen Van A". | H32: StudentName="Nguyen Van A" | I32: 1. Verify su xuat hien cua cac nut edit (Edit), save (Save), hoac delete (Delete) report. 2. Thu thay doi gia tri trong cac truong thong tin cua report student. | J32: Khong co bat ky nut hoac tuy select edit/delete nao display voi account Staff. Tat ca cac truong thong tin deu bi khoa, cannot tuong tac thay doi gia tri. | L32: Not Run | M32: High | N32: Related to Staff Access (Rule 6.12)
