Workbook

Sheet Report
A1: Module 08 - Feature & Priority Summary Report
A2: Summary of test cases per feature, calculated via Excel formulas
A4: Total Features | B4: Total Test Cases | C4: High Priority Features | D4: Medium Priority Features | E4: Low Priority Features
A5: =COUNTA(A9:A16) -> 8 | B5: =F17 -> 20 | C5: =COUNTIF(C9:C16, ">0") -> 5 | D5: =COUNTIFS(C9:C16, 0, D9:D16, ">0") -> 2 | E5: =COUNTIFS(C9:C16, 0, D9:D16, 0, E9:E16, ">0") -> 1
A7: Feature Categorization & Priority Breakdown
A8: Feature ID | B8: Feature Name | C8: High Priority | D8: Medium Priority | E8: Low Priority | F8: Total TCs
A9: M08-F01 | B9: Photo Upload | C9: =COUNTIFS(Module08!$C$2:$C$21, A9, Module08!$N$2:$N$21, "High") -> 6 | D9: =COUNTIFS(Module08!$C$2:$C$21, A9, Module08!$N$2:$N$21, "Medium") -> 1 | E9: =COUNTIFS(Module08!$C$2:$C$21, A9, Module08!$N$2:$N$21, "Low") -> 0 | F9: =SUM(C9:E9) -> 7
A10: M08-F02 | B10: Photo Deletion | C10: =COUNTIFS(Module08!$C$2:$C$21, A10, Module08!$N$2:$N$21, "High") -> 1 | D10: =COUNTIFS(Module08!$C$2:$C$21, A10, Module08!$N$2:$N$21, "Medium") -> 0 | E10: =COUNTIFS(Module08!$C$2:$C$21, A10, Module08!$N$2:$N$21, "Low") -> 0 | F10: =SUM(C10:E10) -> 1
A11: M08-F03 | B11: Default Avatar Display | C11: =COUNTIFS(Module08!$C$2:$C$21, A11, Module08!$N$2:$N$21, "High") -> 1 | D11: =COUNTIFS(Module08!$C$2:$C$21, A11, Module08!$N$2:$N$21, "Medium") -> 1 | E11: =COUNTIFS(Module08!$C$2:$C$21, A11, Module08!$N$2:$N$21, "Low") -> 0 | F11: =SUM(C11:E11) -> 2
A12: M08-F04 | B12: Avatar Display Sizing | C12: =COUNTIFS(Module08!$C$2:$C$21, A12, Module08!$N$2:$N$21, "High") -> 0 | D12: =COUNTIFS(Module08!$C$2:$C$21, A12, Module08!$N$2:$N$21, "Medium") -> 1 | E12: =COUNTIFS(Module08!$C$2:$C$21, A12, Module08!$N$2:$N$21, "Low") -> 0 | F12: =SUM(C12:E12) -> 1
A13: M08-F05 | B13: Google Drive Storage Naming | C13: =COUNTIFS(Module08!$C$2:$C$21, A13, Module08!$N$2:$N$21, "High") -> 1 | D13: =COUNTIFS(Module08!$C$2:$C$21, A13, Module08!$N$2:$N$21, "Medium") -> 2 | E13: =COUNTIFS(Module08!$C$2:$C$21, A13, Module08!$N$2:$N$21, "Low") -> 0 | F13: =SUM(C13:E13) -> 3
A14: M08-F06 | B14: Drive Integration Error Handling | C14: =COUNTIFS(Module08!$C$2:$C$21, A14, Module08!$N$2:$N$21, "High") -> 0 | D14: =COUNTIFS(Module08!$C$2:$C$21, A14, Module08!$N$2:$N$21, "Medium") -> 2 | E14: =COUNTIFS(Module08!$C$2:$C$21, A14, Module08!$N$2:$N$21, "Low") -> 0 | F14: =SUM(C14:E14) -> 2
A15: M08-F07 | B15: Role Permissions & Access Control | C15: =COUNTIFS(Module08!$C$2:$C$21, A15, Module08!$N$2:$N$21, "High") -> 3 | D15: =COUNTIFS(Module08!$C$2:$C$21, A15, Module08!$N$2:$N$21, "Medium") -> 0 | E15: =COUNTIFS(Module08!$C$2:$C$21, A15, Module08!$N$2:$N$21, "Low") -> 0 | F15: =SUM(C15:E15) -> 3
A16: M08-F08 | B16: Feature Scope Verification | C16: =COUNTIFS(Module08!$C$2:$C$21, A16, Module08!$N$2:$N$21, "High") -> 0 | D16: =COUNTIFS(Module08!$C$2:$C$21, A16, Module08!$N$2:$N$21, "Medium") -> 0 | E16: =COUNTIFS(Module08!$C$2:$C$21, A16, Module08!$N$2:$N$21, "Low") -> 1 | F16: =SUM(C16:E16) -> 1
A17: Total | B17: =COUNTA(A9:A16)&" Features" -> 8 Features | C17: =SUM(C9:C16) -> 12 | D17: =SUM(D9:D16) -> 7 | E17: =SUM(E9:E16) -> 1 | F17: =SUM(F9:F16) -> 20

Sheet Module08
A1: ID | B1: Module | C1: Feature ID | D1: Feature Name | E1: Title | F1: Objective | G1: Preconditions | H1: TestData | I1: Steps | J1: ExpectedResult | K1: Actual Result | L1: Status | M1: Evidence | N1: Priority | O1: Notes
A2: TC-M08-001 | B2: Module 08 - Profile Photo Management | C2: M08-F01 | D2: Photo Upload | E2: Upload Valid Profile Photo in JPG Format | F2: Verify functionality for uploading a profile photo in JPG format successfully and updating student details. | G2: User is logged in as Staff. Currently on Student Detail page of a student without profile photo (displaying default avatar). | H2: FileName="photo.jpg"; FileType="image/jpeg"; FileSize="1.5MB" | I2: 1. Click Upload Photo button; 2. Select file "photo.jpg"; 3. Click Save Photo button. | J2: Photo uploaded successfully. Success notification appears and default avatar is replaced by uploaded JPG photo. | K2: Profile photo was uploaded successfully. Success notification was displayed and the default avatar was replaced with the uploaded JPG photo. | L2: Passed | N2: High | O2: Related Requirement: M08-F01, Business Rules 6.1
A3: TC-M08-002 | B3: Module 08 - Profile Photo Management | C3: M08-F01 | D3: Photo Upload | E3: Upload Valid Profile Photo in PNG Format | F3: Verify functionality for uploading a profile photo in PNG format successfully and updating student details. | G3: User is logged in as Staff. Currently on Student Detail page of a student without profile photo. | H3: FileName="avatar.png"; FileType="image/png"; FileSize="2.0MB" | I3: 1. Click Upload Photo button; 2. Select file "avatar.png"; 3. Click Save Photo button. | J3: Photo uploaded successfully. Default avatar is replaced by uploaded PNG photo. | K3: Profile photo was uploaded successfully. The default avatar was replaced with the uploaded PNG photo. | L3: Passed | N3: High | O3: Related Requirement: M08-F01, Business Rules 6.1
A4: TC-M08-003 | B4: Module 08 - Profile Photo Management | C4: M08-F01 | D4: Photo Upload | E4: Replace Current Profile Photo | F4: Verify system overwrites existing photo when uploading a new photo for a student. | G4: User is logged in as Staff. Student currently has an existing profile photo. | H4: NewFileName="new_photo.jpg" | I4: 1. Click Change Photo button; 2. Select file "new_photo.jpg"; 3. Click Save Photo button. | J4: New photo overwrites old photo successfully on UI and in storage. | K4: The existing profile photo was successfully replaced by the new uploaded photo. Changes were reflected in both the UI and storage. | L4: Passed | N4: High | O4: Related Requirement: M08-F01, Business Rules 6.1
A5: TC-M08-004 | B5: Module 08 - Profile Photo Management | C5: M08-F02 | D5: Photo Deletion | E5: Delete Current Profile Photo (Soft Delete) | F5: Verify functionality for deleting current photo and reverting student profile to default avatar. | G5: User is logged in as Staff. Student has an existing profile photo. | H5: StudentID="ST001" | I5: 1. Click Delete Photo button; 2. Confirm deletion in dialog modal. | J5: Photo reference is cleared and student avatar reverts to default placeholder avatar. | K5: The profile photo was deleted successfully. The student's avatar reverted to the default placeholder avatar. | L5: Passed | N5: High | O5: Related Requirement: M08-F02, Business Rules 6.2
A6: TC-M08-005 | B6: Module 08 - Profile Photo Management | C6: M08-F03 | D6: Default Avatar Display | E6: Display Default Avatar When Student Has No Profile Photo | F6: Verify system renders default fallback avatar for students without profile photos. | G6: User is logged in as Staff or Student. Student profile has no photo URL. | H6: PhotoUrl=None | I6: 1. Open Student Detail page; 2. Observe avatar image element. | J6: Default SVG/PNG placeholder avatar is rendered cleanly without broken image icon. | K6: The system displayed the default avatar correctly when no profile photo was available. No broken image icon appeared. | L6: Passed | N6: High | O6: Related Requirement: M08-F03, Business Rules 6.3
A7: TC-M08-006 | B7: Module 08 - Profile Photo Management | C7: M08-F04 | D7: Avatar Display Sizing | E7: Verify Profile Photo Rendering Sizes Across Different UI Components | F7: Verify profile photos render with correct circular crop and appropriate dimensions across student list, detail view, and header. | G7: User is logged in as Staff. Student has uploaded profile photo. | H7: StudentID="ST001" | I7: 1. View student photo in Student List table; 2. View student photo on Student Detail page; 3. View student avatar in Student Portal header. | J7: Photo scales properly with object-fit: cover, maintains aspect ratio, and clips cleanly to circle without distorting. | K7: The profile photo displayed correctly across all UI components with proper sizing, aspect ratio, and circular cropping. | L7: Passed | N7: Medium | O7: Related Requirement: M08-F04, UI Standards
A8: TC-M08-007 | B8: Module 08 - Profile Photo Management | C8: M08-F01 | D8: Photo Upload | E8: Click Save Photo Without Selecting Image File | F8: Verify system blocks submission when Save is clicked without picking an image file. | G8: User is logged in as Staff. Upload modal open. | H8: SelectedFile=None | I8: 1. Open Upload Photo modal; 2. Click Save Photo button without selecting any file. | J8: System blocks action. Validation error appears: "Please select an image file to upload." | K8: The system prevented submission and displayed the validation message: "Please select an image file to upload." | L8: Passed | N8: High | O8: Related Requirement: M08-F01, Validation Rules (Section 8)
A9: TC-M08-008 | B9: Module 08 - Profile Photo Management | C9: M08-F01 | D9: Photo Upload | E9: Upload Non-image Format File | F9: Verify system rejects non-image files (PDF, DOCX, TXT, EXE). | G9: User is logged in as Staff. | H9: FileName="document.pdf" | I9: 1. Click Upload Photo button; 2. Select file "document.pdf"; 3. Click Save Photo button. | J9: System blocks upload. Validation error appears: "Invalid file format. Only JPG and PNG image files are allowed." | K9: The system incorrectly accepted and uploaded non-image files (e.g., .xlsx, .docx) instead of rejecting them. No validation error message was displayed. | L9: Failed | N9: High | O9: Related Requirement: M08-F01, Validation Rules (Section 8)
A10: TC-M08-009 | B10: Module 08 - Profile Photo Management | C10: M08-F05 | D10: Google Drive Storage Naming | E10: Verify File Naming Structure on Google Drive Storage | F10: Verify system renames uploaded photo files matching student ID format on Google Drive. | G10: User is logged in as Staff. Student ID is "ST001". | H10: OriginalFile="my_avatar_2026.jpg"; ExpectedStoredFile="ST001.jpg" | I10: 1. Upload photo "my_avatar_2026.jpg" for student ST001; 2. Inspect saved file name in Google Drive directory. | J10: File is saved to Google Drive with standardized filename format "ST001.jpg". | K10: The uploaded file was stored in Google Drive using the standardized filename "ST001.jpg". | L10: Passed | N10: Medium | O10: Related Requirement: M08-F05, Business Rules 6.5
A11: TC-M08-010 | B11: Module 08 - Profile Photo Management | C11: M08-F05 | D11: Google Drive Storage Naming | E11: Upload Photo for Student with Special Characters in Original Filename | F11: Verify uploading files with non-ASCII or special characters in filename renames safely during storage. | G11: User is logged in as Staff. Student ID is "ST002". | H11: OriginalFile="avatar_special_char_2026.png"; ExpectedStoredFile="ST002.png" | I11: 1. Select file with Unicode filename "avatar_special_char_2026.png"; 2. Click Save Photo button. | J11: File uploads cleanly and renames to "ST002.png" without encoding errors. | K11: The uploaded file with special characters in the original filename was successfully renamed to "ST002.png" without encoding issues. | L11: Passed | N11: Medium | O11: Related Requirement: M08-F05, Business Rules 6.5
A12: TC-M08-011 | B12: Module 08 - Profile Photo Management | C12: M08-F05 | D12: Google Drive Storage Naming | E12: Verify File Permissions on Google Drive Storage | F12: Verify uploaded photo files on Google Drive are configured with public read permission for rendering. | G12: Photo uploaded to Google Drive. | H12: FileId="1A2B3C" | I12: 1. Upload photo for student; 2. Verify direct view URL accessibility. | J12: Image URL resolves and renders image in web browser without authentication wall. | K12: The uploaded image was publicly accessible through its Google Drive URL and rendered successfully in the browser. | L12: Passed | N12: High | O12: Related Requirement: M08-F05, Business Rules 6.5
A13: TC-M08-012 | B13: Module 08 - Profile Photo Management | C13: M08-F01 | D13: Photo Upload | E13: Upload Oversized Image File Exceeding Maximum Limit | F13: Verify system blocks uploading files exceeding file size limit (e.g., > 5MB). | G13: User is logged in as Staff. | H13: FileName="large_photo.jpg"; FileSize="12MB" | I13: 1. Select oversized file "large_photo.jpg" (12MB); 2. Click Save Photo button. | J13: System blocks upload. Validation error appears: "File size exceeds maximum limit of 5MB." | K13: The system rejected the oversized file and displayed the validation message: "File size exceeds maximum limit of 5MB." | L13: Passed | N13: High | O13: Related Requirement: M08-F01, Validation Rules (Section 8)
... A21: TC-M08-020 | B21: Module 08 - Profile Photo Management | C21: M08-F08 | D21: Feature Scope Verification | E21: Verify Image Editing and Cropping Features Are Not Present | F21: Verify profile photo management upload directly stores selected file without client-side image cropping tools. | G21: User is logged in as Staff. Uploading photo. | H21: FileName="photo.jpg" | I21: 1. Select image file in upload modal; 2. Observe upload workflow. | J21: File uploads directly without displaying cropping modal, maintaining simple out-of-scope workflow. | K21: The selected image was uploaded directly without any image editing or cropping functionality, as designed. | L21: Passed | N21: Low | O21: Related Requirement: M08-F08, Out of Scope (Section 12)
