Workbook

Sheet Report
A1: Module 07 - Feature & Priority Summary Report
A2: Summary of test cases per feature, calculated via Excel formulas
A4: Total Features | B4: Total Test Cases | C4: High Priority Features | D4: Medium Priority Features | E4: Low Priority Features
A5: =COUNTA(A9:A16) | B5: =F17 | C5: =COUNTIF(C9:C16, ">0") | D5: =COUNTIFS(C9:C16, 0, D9:D16, ">0") | E5: =COUNTIFS(C9:C16, 0, D9:D16, 0, E9:E16, ">0")
A7: Feature Categorization & Priority Breakdown
A8: Feature ID | B8: Feature Name | C8: High Priority | D8: Medium Priority | E8: Low Priority | F8: Total TCs
A9: M07-F02 | B9: Category Management | C9: =COUNTIFS('Module07'!$C$2:$C$42, A9, 'Module07'!$M$2:$M$42, "High") | D9: =COUNTIFS('Module07'!$C$2:$C$42, A9, 'Module07'!$M$2:$M$42, "Medium") | E9: =COUNTIFS('Module07'!$C$2:$C$42, A9, 'Module07'!$M$2:$M$42, "Low") | F9: =SUM(C9:E9)
A10: M07-F01 | B10: Three-tier Hierarchy | C10: =COUNTIFS('Module07'!$C$2:$C$42, A10, 'Module07'!$M$2:$M$42, "High") | D10: =COUNTIFS('Module07'!$C$2:$C$42, A10, 'Module07'!$M$2:$M$42, "Medium") | E10: =COUNTIFS('Module07'!$C$2:$C$42, A10, 'Module07'!$M$2:$M$42, "Low") | F10: =SUM(C10:E10)
A11: M07-F03 | B11: Course Archiving / Restoring | C11: =COUNTIFS('Module07'!$C$2:$C$42, A11, 'Module07'!$M$2:$M$42, "High") | D11: =COUNTIFS('Module07'!$C$2:$C$42, A11, 'Module07'!$M$2:$M$42, "Medium") | E11: =COUNTIFS('Module07'!$C$2:$C$42, A11, 'Module07'!$M$2:$M$42, "Low") | F11: =SUM(C11:E11)
A12: M07-F04 | B12: Session Deletion | C12: =COUNTIFS('Module07'!$C$2:$C$42, A12, 'Module07'!$M$2:$M$42, "High") | D12: =COUNTIFS('Module07'!$C$2:$C$42, A12, 'Module07'!$M$2:$M$42, "Medium") | E12: =COUNTIFS('Module07'!$C$2:$C$42, A12, 'Module07'!$M$2:$M$42, "Low") | F12: =SUM(C12:E12)
A13: M07-F05 | B13: Exam Deletion | C13: =COUNTIFS('Module07'!$C$2:$C$42, A13, 'Module07'!$M$2:$M$42, "High") | D13: =COUNTIFS('Module07'!$C$2:$C$42, A13, 'Module07'!$M$2:$M$42, "Medium") | E13: =COUNTIFS('Module07'!$C$2:$C$42, A13, 'Module07'!$M$2:$M$42, "Low") | F13: =SUM(C13:E13)
A14: M07-F06 | B14: Material Attachment | C14: =COUNTIFS('Module07'!$C$2:$C$42, A14, 'Module07'!$M$2:$M$42, "High") | D14: =COUNTIFS('Module07'!$C$2:$C$42, A14, 'Module07'!$M$2:$M$42, "Medium") | E14: =COUNTIFS('Module07'!$C$2:$C$42, A14, 'Module07'!$M$2:$M$42, "Low") | F14: =SUM(C14:E14)
A15: M07-F07 | B15: CSV Export / Import | C15: =COUNTIFS('Module07'!$C$2:$C$42, A15, 'Module07'!$M$2:$M$42, "High") | D15: =COUNTIFS('Module07'!$C$2:$C$42, A15, 'Module07'!$M$2:$M$42, "Medium") | E15: =COUNTIFS('Module07'!$C$2:$C$42, A15, 'Module07'!$M$2:$M$42, "Low") | F15: =SUM(C15:E15)
A16: M07-SEC | B16: Access Control & Security | C16: =COUNTIFS('Module07'!$C$2:$C$42, A16, 'Module07'!$M$2:$M$42, "High") | D16: =COUNTIFS('Module07'!$C$2:$C$42, A16, 'Module07'!$M$2:$M$42, "Medium") | E16: =COUNTIFS('Module07'!$C$2:$C$42, A16, 'Module07'!$M$2:$M$42, "Low") | F16: =SUM(C16:E16)
A17: Total | B17: =COUNTA(A9:A16)&" Features" | C17: =SUM(C9:C16) | D17: =SUM(D9:D16) | E17: =SUM(E9:E16) | F17: =SUM(F9:F16)

Sheet Module07
A1: ID | B1: Module | C1: Feature ID | D1: Feature Name | E1: Title | F1: Objective | G1: Preconditions | H1: TestData | I1: Steps | J1: ExpectedResult | K1: Actual Result | L1: Status | M1: Priority | N1: Notes
A2: TC-M07-001 | B2: Module 07 – Training Materials | C2: M07-F02 | D2: Category Management | E2: Đổi tên Category với tên hợp lệ | F2: Kiểm tra chức năng đổi tên danh mục (Category) khi nhập tên mới hợp lệ. | G2: Người dùng đã đăng nhập với quyền Staff. Đang ở giao diện Quản lý Tài liệu học tập (Training Materials). | H2: CategoryOldName="IT"; CategoryNewName="Information Technology" | I2: 1. Nhấp chọn danh mục "IT". 2. Nhấp nút "Đổi tên" (Rename). 3. Nhập tên mới là "Information Technology". 4. Nhấp "Lưu" (Save). | J2: Hệ thống hiển thị thông báo cập nhật thành công. Tên danh mục được thay đổi thành "Information Technology" trên giao diện. Các khóa học bên trong danh mục vẫn giữ nguyên. | L2: Not Run | M2: High | N2: Liên quan đến M07-F02, Rule 5.1
A3: TC-M07-002 | B3: Module 07 – Training Materials | C3: M07-F02 | D3: Category Management | E3: Đổi tên Category thất bại do để trống tên | F3: Kiểm tra hệ thống báo lỗi và ngăn chặn việc đổi tên danh mục thành rỗng. | G3: Người dùng đã đăng nhập với quyền Staff. Đang ở giao diện Đổi tên Category. | H3: CategoryNewName="" | I3: 1. Xóa toàn bộ nội dung trong ô nhập tên danh mục. 2. Nhấp nút "Lưu" (Save). | J3: Hệ thống hiển thị thông báo lỗi yêu cầu nhập tên danh mục (ví dụ: "Category Name is required."). Tên danh mục cũ không bị thay đổi. | L3: Not Run | M3: High | N3: Liên quan đến Validation Rules (Mục 8), Error Handling (Mục 9)
A4: TC-M07-003 | B4: Module 07 – Training Materials | C4: M07-F02 | D4: Category Management | E4: Kiểm tra không hỗ trợ chức năng Lưu trữ và Xóa đối với Category | F4: Xác minh hệ thống không hiển thị các chức năng Lưu trữ (Archive) và Xóa (Delete) đối với danh mục. | G4: Người dùng đã đăng nhập với quyền Staff. Đang ở giao diện Quản lý Tài liệu học tập. | H4: CategoryName="English" | I4: 1. Nhấp chọn danh mục "English". 2. Quan sát các nút chức năng và menu ngữ cảnh liên quan đến danh mục. | J4: Không hiển thị nút hoặc tùy chọn "Xóa" (Delete) hoặc "Lưu trữ" (Archive) đối với danh mục. | L4: Not Run | M4: Medium | N4: Liên quan đến M07-F02, Rule 5.1, Out of Scope (Mục 13)
A5: TC-M07-004 | B5: Module 07 – Training Materials | C5: M07-F01 | D5: Three-tier Hierarchy | E5: Xác minh các Category mặc định tồn tại trong hệ thống | F5: Kiểm tra 5 danh mục mặc định được tạo sẵn khi hệ thống hoạt động. | G5: Người dùng đã đăng nhập với quyền Staff. Đang ở giao diện Quản lý Tài liệu học tập. | H5: None | I5: 1. Quan sát danh sách các danh mục hiển thị trên màn hình. | J5: Hệ thống hiển thị đầy đủ 5 danh mục mặc định: "IT", "English", "PLT", "DA", và "Workshops". | L5: Not Run | M5: High | N5: Liên quan đến M07-F01, Mục 3 (Default Categories)
A6: TC-M07-005 | B6: Module 07 – Training Materials | C6: M07-F01 | D6: Three-tier Hierarchy | E6: Tạo khóa học (Course) mới với thông tin hợp lệ | F6: Kiểm tra chức năng tạo khóa học mới dưới một danh mục khi nhập đầy đủ thông tin hợp lệ. | G6: Người dùng đã đăng nhập với quyền Staff. Đang ở giao diện Quản lý Tài liệu học tập. | H6: Category="IT"; CourseName="Java Programming" | I6: 1. Chọn danh mục "IT". 2. Nhấp nút "Tạo khóa học" (Create Course). 3. Nhập tên khóa học là "Java Programming". 4. Nhấp "Lưu" (Save). | J6: Hệ thống hiển thị thông báo tạo thành công. Khóa học "Java Programming" hiển thị dưới danh mục "IT". | L6: Not Run | M6: High | N6: Liên quan đến M07-F01, Rule 5.2
A7: TC-M07-006 | B7: Module 07 – Training Materials | C7: M07-F03 | D7: Course Archiving / Restoring | E7: Tạo khóa học mới thất bại do để trống tên | F7: Kiểm tra hệ thống báo lỗi và ngăn chặn tạo khóa học nếu tên khóa học trống. | G7: Người dùng đã đăng nhập với quyền Staff. Đang ở giao diện Tạo khóa học mới. | H7: Category="IT"; CourseName="" | I7: 1. Để trống trường Tên khóa học. 2. Nhấp "Lưu" (Save). | J7: Hệ thống hiển thị lỗi yêu cầu nhập tên khóa học (ví dụ: "Course Name is required."). Khóa học mới không được tạo. | L7: Not Run | M7: High | N7: Liên quan đến Validation Rules (Mục 8), Error Handling (Mục 9)
A8: TC-M07-007 | B8: Module 07 – Training Materials | C8: M07-F01 | D8: Three-tier Hierarchy | E8: Chỉnh sửa tên khóa học với thông tin hợp lệ | F8: Kiểm tra chức năng chỉnh sửa tên khóa học thành công. | G8: Người dùng đã đăng nhập với quyền Staff. Đang ở giao diện Quản lý Tài liệu học tập. Khóa học "Java Programming" đã tồn tại. | H8: CourseOldName="Java Programming"; CourseNewName="Advanced Java Programming" | I8: 1. Chọn khóa học "Java Programming". 2. Nhấp chọn "Chỉnh sửa" (Edit). 3. Thay đổi tên khóa học thành "Advanced Java Programming". 4. Nhấp "Lưu" (Save). | J8: Hệ thống hiển thị thông báo lưu thành công. Tên khóa học cập nhật thành "Advanced Java Programming" trên màn hình. | L8: Not Run | M8: High | N8: Liên quan đến M07-F01, Rule 5.2
A9: TC-M07-008 | B9: Module 07 – Training Materials | C9: M07-F03 | D9: Course Archiving / Restoring | E9: Lưu trữ khóa học (Archive Course) | F9: Kiểm tra chức năng lưu trữ khóa học. | G9: Người dùng đã đăng nhập với quyền Staff. Khóa học "Java Programming" đang ở trạng thái Hoạt động (Active) và có các bài học/bài kiểm tra bên dưới. | H9: CourseName="Java Programming" | I9: 1. Nhấp chọn khóa học "Java Programming". 2. Nhấp chọn nút "Lưu trữ" (Archive). 3. Xác nhận lưu trữ nếu hệ thống yêu cầu. | J9: Hệ thống hiển thị thông báo lưu trữ thành công. Khóa học thay đổi trạng thái sang đã lưu trữ (Archived) và bị ẩn đi hoặc hiển thị dưới dạng lưu trữ trên màn hình quản lý. | L9: Not Run | M9: High | N9: Liên quan đến M07-F03, Rule 5.2, Rule 5.3
A10: TC-M07-009 | B10: Module 07 – Training Materials | C10: M07-F03 | D10: Course Archiving / Restoring | E10: Khôi phục khóa học đã lưu trữ (Restore Course) | F10: Kiểm tra chức năng khôi phục một khóa học đã bị lưu trữ. | G10: Người dùng đã đăng nhập với quyền Staff. Khóa học "Java Programming" đang ở trạng thái Lưu trữ (Archived). | H10: CourseName="Java Programming" | I10: 1. Tìm và chọn khóa học "Java Programming" trong danh sách lưu trữ. 2. Nhấp chọn nút "Khôi phục" (Restore). 3. Xác nhận khôi phục nếu hệ thống yêu cầu. | J10: Hệ thống hiển thị thông báo khôi phục thành công. Khóa học trở lại trạng thái hoạt động bình thường. | L10: Not Run | M10: High | N10: Liên quan đến M07-F03, Rule 5.2, Rule 5.3
A11: TC-M07-010 | B11: Module 07 – Training Materials | C11: M07-F03 | D11: Course Archiving / Restoring | E11: Kiểm tra không hỗ trợ xóa vĩnh viễn khóa học | F11: Xác minh hệ thống không cho phép xóa vĩnh viễn khóa học khỏi cơ sở dữ liệu. | G11: Người dùng đã đăng nhập với quyền Staff. Đang ở giao diện Quản lý Tài liệu học tập. | H11: CourseName="Java Programming" | I11: 1. Chọn khóa học "Java Programming". 2. Kiểm tra các nút chức năng và menu hành động liên quan đến khóa học. | J11: Không có tùy chọn "Xóa vĩnh viễn" hoặc "Delete" cho khóa học, chỉ có tùy chọn "Lưu trữ" (Archive). | L11: Not Run | M11: Medium | N11: Liên quan đến Rule 5.2 (Permanent deletion is not allowed), Out of Scope (Mục 13)
A12: TC-M07-011 | B12: Module 07 – Training Materials | C12: M07-F01 | D12: Three-tier Hierarchy | E12: Tạo bài học (Session) mới với thông tin hợp lệ | F12: Kiểm tra chức năng tạo bài học mới dưới một khóa học hoạt động. | G12: Người dùng đã đăng nhập với quyền Staff. Khóa học "Java Programming" đang hoạt động. | H12: CourseName="Java Programming"; SessionName="Session 01: OOP Basics"; LessonNumber=1; Description="Giới thiệu về lập trình hướng đối tượng" | I12: 1. Chọn khóa học "Java Programming". 2. Nhấp nút "Thêm bài học" (Add Session). 3. Nhập Tên bài học là "Session 01: OOP Basics", số bài học là "1", mô tả là "Giới thiệu về lập trình hướng đối tượng". 4. Nhấp "Lưu" (Save). | J12: Hệ thống hiển thị thông báo tạo thành công. Session mới hiển thị dưới khóa học "Java Programming". | L12: Not Run | M12: High | N12: Liên quan đến M07-F01, Rule 5.4
A13: TC-M07-012 | B13: Module 07 – Training Materials | C13: M07-F04 | D13: Session Deletion | E13: Tạo bài học mới thất bại do để trống tên bài học | F13: Kiểm tra hệ thống báo lỗi và ngăn chặn tạo bài học nếu tên bài học trống. | G13: Người dùng đã đăng nhập với quyền Staff. Đang ở giao diện Thêm bài học mới. | H13: CourseName="Java Programming"; SessionName=""; LessonNumber=1 | I13: 1. Để trống trường Tên bài học. 2. Nhập các trường thông tin khác hợp lệ. 3. Nhấp "Lưu" (Save). | J13: Hệ thống hiển thị thông báo lỗi yêu cầu nhập Tên bài học (ví dụ: "Session Name is required."). Bài học mới không được tạo. | L13: Not Run | M13: High | N13: Liên quan đến Validation Rules (Mục 8), Error Handling (Mục 9)
... A42: TC-M07-041 | B42: Module 07 – Training Materials | C42: M07-F03 | D42: Course Archiving / Restoring | E42: Kiểm tra khôi phục hiển thị tất cả Session/Exam con khi Khôi phục khóa học | F42: Xác minh rằng khi khôi phục một khóa học đã lưu trữ, tất cả các bài học (session) và bài kiểm tra (exam) thuộc khóa học đó tự động hiển thị trở lại trên giao diện. | G42: Người dùng đã đăng nhập với quyền Staff. Khóa học "Java Programming" đang ở trạng thái Lưu trữ (Archived), các bài học và bài kiểm tra con đang bị ẩn hiển thị. | H42: CourseName="Java Programming" | I42: 1. Thực hiện khôi phục khóa học "Java Programming". 2. Truy cập vào giao diện hiển thị bài học và bài kiểm tra của khóa học này. | J42: Khóa học chuyển sang trạng thái Hoạt động (Active). Bài học "Session 01" và bài kiểm tra "Midterm Exam" tự động xuất hiện trở lại trên giao diện hiển thị và có thể xem/chỉnh sửa bình thường. | L42: Not Run | M42: High | N42: Liên quan đến M07-F03, Rule 5.3
